[
	{
		"flagUrl": "https://restcountries.eu/data/afg.svg",
		"name": "Afghanistan",
		"code": "93",
		"alpha": "AF"
	},
	{
		"flagUrl": "https://restcountries.eu/data/ala.svg",
		"name": "Åland Islands",
		"code": "358",
		"alpha": "AX"
	},
	{
		"flagUrl": "https://restcountries.eu/data/alb.svg",
		"name": "Albania",
		"code": "355",
		"alpha": "AL"
	},
	{
		"flagUrl": "https://restcountries.eu/data/dza.svg",
		"name": "Algeria",
		"code": "213",
		"alpha": "DZ"
	},
	{
		"flagUrl": "https://restcountries.eu/data/asm.svg",
		"name": "American Samoa",
		"code": "1684",
		"alpha": "AS"
	},
	{
		"flagUrl": "https://restcountries.eu/data/and.svg",
		"name": "Andorra",
		"code": "376",
		"alpha": "AD"
	},
	{
		"flagUrl": "https://restcountries.eu/data/ago.svg",
		"name": "Angola",
		"code": "244",
		"alpha": "AO"
	},
	{
		"flagUrl": "https://restcountries.eu/data/aia.svg",
		"name": "Anguilla",
		"code": "1264",
		"alpha": "AI"
	},
	{
		"flagUrl": "https://restcountries.eu/data/ata.svg",
		"name": "Antarctica",
		"code": "672",
		"alpha": "AQ"
	},
	{
		"flagUrl": "https://restcountries.eu/data/atg.svg",
		"name": "Antigua and Barbuda",
		"code": "1268",
		"alpha": "AG"
	},
	{
		"flagUrl": "https://restcountries.eu/data/arg.svg",
		"name": "Argentina",
		"code": "54",
		"alpha": "AR"
	},
	{
		"flagUrl": "https://restcountries.eu/data/arm.svg",
		"name": "Armenia",
		"code": "374",
		"alpha": "AM"
	},
	{
		"flagUrl": "https://restcountries.eu/data/abw.svg",
		"name": "Aruba",
		"code": "297",
		"alpha": "AW"
	},
	{
		"flagUrl": "https://restcountries.eu/data/aus.svg",
		"name": "Australia",
		"code": "61",
		"alpha": "AU"
	},
	{
		"flagUrl": "https://restcountries.eu/data/aut.svg",
		"name": "Austria",
		"code": "43",
		"alpha": "AT"
	},
	{
		"flagUrl": "https://restcountries.eu/data/aze.svg",
		"name": "Azerbaijan",
		"code": "994",
		"alpha": "AZ"
	},
	{
		"flagUrl": "https://restcountries.eu/data/bhs.svg",
		"name": "Bahamas",
		"code": "1242",
		"alpha": "BS"
	},
	{
		"flagUrl": "https://restcountries.eu/data/bhr.svg",
		"name": "Bahrain",
		"code": "973",
		"alpha": "BH"
	},
	{
		"flagUrl": "https://restcountries.eu/data/bgd.svg",
		"name": "Bangladesh",
		"code": "880",
		"alpha": "BD"
	},
	{
		"flagUrl": "https://restcountries.eu/data/brb.svg",
		"name": "Barbados",
		"code": "1246",
		"alpha": "BB"
	},
	{
		"flagUrl": "https://restcountries.eu/data/blr.svg",
		"name": "Belarus",
		"code": "375",
		"alpha": "BY"
	},
	{
		"flagUrl": "https://restcountries.eu/data/bel.svg",
		"name": "Belgium",
		"code": "32",
		"alpha": "BE"
	},
	{
		"flagUrl": "https://restcountries.eu/data/blz.svg",
		"name": "Belize",
		"code": "501",
		"alpha": "BZ"
	},
	{
		"flagUrl": "https://restcountries.eu/data/ben.svg",
		"name": "Benin",
		"code": "229",
		"alpha": "BJ"
	},
	{
		"flagUrl": "https://restcountries.eu/data/bmu.svg",
		"name": "Bermuda",
		"code": "1441",
		"alpha": "BM"
	},
	{
		"flagUrl": "https://restcountries.eu/data/btn.svg",
		"name": "Bhutan",
		"code": "975",
		"alpha": "BT"
	},
	{
		"flagUrl": "https://restcountries.eu/data/bol.svg",
		"name": "Bolivia (Plurinational State of)",
		"code": "591",
		"alpha": "BO"
	},
	{
		"flagUrl": "https://restcountries.eu/data/bes.svg",
		"name": "Bonaire, Sint Eustatius and Saba",
		"code": "5997",
		"alpha": "BQ"
	},
	{
		"flagUrl": "https://restcountries.eu/data/bih.svg",
		"name": "Bosnia and Herzegovina",
		"code": "387",
		"alpha": "BA"
	},
	{
		"flagUrl": "https://restcountries.eu/data/bwa.svg",
		"name": "Botswana",
		"code": "267",
		"alpha": "BW"
	},
	{
		"flagUrl": "https://restcountries.eu/data/bvt.svg",
		"name": "Bouvet Island",
		"code": "",
		"alpha": "BV"
	},
	{
		"flagUrl": "https://restcountries.eu/data/bra.svg",
		"name": "Brazil",
		"code": "55",
		"alpha": "BR"
	},
	{
		"flagUrl": "https://restcountries.eu/data/iot.svg",
		"name": "British Indian Ocean Territory",
		"code": "246",
		"alpha": "IO"
	},
	{
		"flagUrl": "https://restcountries.eu/data/umi.svg",
		"name": "United States Minor Outlying Islands",
		"code": "",
		"alpha": "UM"
	},
	{
		"flagUrl": "https://restcountries.eu/data/vgb.svg",
		"name": "Virgin Islands (British)",
		"code": "1284",
		"alpha": "VG"
	},
	{
		"flagUrl": "https://restcountries.eu/data/vir.svg",
		"name": "Virgin Islands (U.S.)",
		"code": "1 340",
		"alpha": "VI"
	},
	{
		"flagUrl": "https://restcountries.eu/data/brn.svg",
		"name": "Brunei Darussalam",
		"code": "673",
		"alpha": "BN"
	},
	{
		"flagUrl": "https://restcountries.eu/data/bgr.svg",
		"name": "Bulgaria",
		"code": "359",
		"alpha": "BG"
	},
	{
		"flagUrl": "https://restcountries.eu/data/bfa.svg",
		"name": "Burkina Faso",
		"code": "226",
		"alpha": "BF"
	},
	{
		"flagUrl": "https://restcountries.eu/data/bdi.svg",
		"name": "Burundi",
		"code": "257",
		"alpha": "BI"
	},
	{
		"flagUrl": "https://restcountries.eu/data/khm.svg",
		"name": "Cambodia",
		"code": "855",
		"alpha": "KH"
	},
	{
		"flagUrl": "https://restcountries.eu/data/cmr.svg",
		"name": "Cameroon",
		"code": "237",
		"alpha": "CM"
	},
	{
		"flagUrl": "https://restcountries.eu/data/can.svg",
		"name": "Canada",
		"code": "1",
		"alpha": "CA"
	},
	{
		"flagUrl": "https://restcountries.eu/data/cpv.svg",
		"name": "Cabo Verde",
		"code": "238",
		"alpha": "CV"
	},
	{
		"flagUrl": "https://restcountries.eu/data/cym.svg",
		"name": "Cayman Islands",
		"code": "1345",
		"alpha": "KY"
	},
	{
		"flagUrl": "https://restcountries.eu/data/caf.svg",
		"name": "Central African Republic",
		"code": "236",
		"alpha": "CF"
	},
	{
		"flagUrl": "https://restcountries.eu/data/tcd.svg",
		"name": "Chad",
		"code": "235",
		"alpha": "TD"
	},
	{
		"flagUrl": "https://restcountries.eu/data/chl.svg",
		"name": "Chile",
		"code": "56",
		"alpha": "CL"
	},
	{
		"flagUrl": "https://restcountries.eu/data/chn.svg",
		"name": "China",
		"code": "86",
		"alpha": "CN"
	},
	{
		"flagUrl": "https://restcountries.eu/data/cxr.svg",
		"name": "Christmas Island",
		"code": "61",
		"alpha": "CX"
	},
	{
		"flagUrl": "https://restcountries.eu/data/cck.svg",
		"name": "Cocos (Keeling) Islands",
		"code": "61",
		"alpha": "CC"
	},
	{
		"flagUrl": "https://restcountries.eu/data/col.svg",
		"name": "Colombia",
		"code": "57",
		"alpha": "CO"
	},
	{
		"flagUrl": "https://restcountries.eu/data/com.svg",
		"name": "Comoros",
		"code": "269",
		"alpha": "KM"
	},
	{
		"flagUrl": "https://restcountries.eu/data/cog.svg",
		"name": "Congo",
		"code": "242",
		"alpha": "CG"
	},
	{
		"flagUrl": "https://restcountries.eu/data/cod.svg",
		"name": "Congo (Democratic Republic of the)",
		"code": "243",
		"alpha": "CD"
	},
	{
		"flagUrl": "https://restcountries.eu/data/cok.svg",
		"name": "Cook Islands",
		"code": "682",
		"alpha": "CK"
	},
	{
		"flagUrl": "https://restcountries.eu/data/cri.svg",
		"name": "Costa Rica",
		"code": "506",
		"alpha": "CR"
	},
	{
		"flagUrl": "https://restcountries.eu/data/hrv.svg",
		"name": "Croatia",
		"code": "385",
		"alpha": "HR"
	},
	{
		"flagUrl": "https://restcountries.eu/data/cub.svg",
		"name": "Cuba",
		"code": "53",
		"alpha": "CU"
	},
	{
		"flagUrl": "https://restcountries.eu/data/cuw.svg",
		"name": "Curaçao",
		"code": "599",
		"alpha": "CW"
	},
	{
		"flagUrl": "https://restcountries.eu/data/cyp.svg",
		"name": "Cyprus",
		"code": "357",
		"alpha": "CY"
	},
	{
		"flagUrl": "https://restcountries.eu/data/cze.svg",
		"name": "Czech Republic",
		"code": "420",
		"alpha": "CZ"
	},
	{
		"flagUrl": "https://restcountries.eu/data/dnk.svg",
		"name": "Denmark",
		"code": "45",
		"alpha": "DK"
	},
	{
		"flagUrl": "https://restcountries.eu/data/dji.svg",
		"name": "Djibouti",
		"code": "253",
		"alpha": "DJ"
	},
	{
		"flagUrl": "https://restcountries.eu/data/dma.svg",
		"name": "Dominica",
		"code": "1767",
		"alpha": "DM"
	},
	{
		"flagUrl": "https://restcountries.eu/data/dom.svg",
		"name": "Dominican Republic",
		"code": "1809",
		"alpha": "DO"
	},
	{
		"flagUrl": "https://restcountries.eu/data/ecu.svg",
		"name": "Ecuador",
		"code": "593",
		"alpha": "EC"
	},
	{
		"flagUrl": "https://restcountries.eu/data/egy.svg",
		"name": "Egypt",
		"code": "20",
		"alpha": "EG"
	},
	{
		"flagUrl": "https://restcountries.eu/data/slv.svg",
		"name": "El Salvador",
		"code": "503",
		"alpha": "SV"
	},
	{
		"flagUrl": "https://restcountries.eu/data/gnq.svg",
		"name": "Equatorial Guinea",
		"code": "240",
		"alpha": "GQ"
	},
	{
		"flagUrl": "https://restcountries.eu/data/eri.svg",
		"name": "Eritrea",
		"code": "291",
		"alpha": "ER"
	},
	{
		"flagUrl": "https://restcountries.eu/data/est.svg",
		"name": "Estonia",
		"code": "372",
		"alpha": "EE"
	},
	{
		"flagUrl": "https://restcountries.eu/data/eth.svg",
		"name": "Ethiopia",
		"code": "251",
		"alpha": "ET"
	},
	{
		"flagUrl": "https://restcountries.eu/data/flk.svg",
		"name": "Falkland Islands (Malvinas)",
		"code": "500",
		"alpha": "FK"
	},
	{
		"flagUrl": "https://restcountries.eu/data/fro.svg",
		"name": "Faroe Islands",
		"code": "298",
		"alpha": "FO"
	},
	{
		"flagUrl": "https://restcountries.eu/data/fji.svg",
		"name": "Fiji",
		"code": "679",
		"alpha": "FJ"
	},
	{
		"flagUrl": "https://restcountries.eu/data/fin.svg",
		"name": "Finland",
		"code": "358",
		"alpha": "FI"
	},
	{
		"flagUrl": "https://restcountries.eu/data/fra.svg",
		"name": "France",
		"code": "33",
		"alpha": "FR"
	},
	{
		"flagUrl": "https://restcountries.eu/data/guf.svg",
		"name": "French Guiana",
		"code": "594",
		"alpha": "GF"
	},
	{
		"flagUrl": "https://restcountries.eu/data/pyf.svg",
		"name": "French Polynesia",
		"code": "689",
		"alpha": "PF"
	},
	{
		"flagUrl": "https://restcountries.eu/data/atf.svg",
		"name": "French Southern Territories",
		"code": "",
		"alpha": "TF"
	},
	{
		"flagUrl": "https://restcountries.eu/data/gab.svg",
		"name": "Gabon",
		"code": "241",
		"alpha": "GA"
	},
	{
		"flagUrl": "https://restcountries.eu/data/gmb.svg",
		"name": "Gambia",
		"code": "220",
		"alpha": "GM"
	},
	{
		"flagUrl": "https://restcountries.eu/data/geo.svg",
		"name": "Georgia",
		"code": "995",
		"alpha": "GE"
	},
	{
		"flagUrl": "https://restcountries.eu/data/deu.svg",
		"name": "Germany",
		"code": "49",
		"alpha": "DE"
	},
	{
		"flagUrl": "https://restcountries.eu/data/gha.svg",
		"name": "Ghana",
		"code": "233",
		"alpha": "GH"
	},
	{
		"flagUrl": "https://restcountries.eu/data/gib.svg",
		"name": "Gibraltar",
		"code": "350",
		"alpha": "GI"
	},
	{
		"flagUrl": "https://restcountries.eu/data/grc.svg",
		"name": "Greece",
		"code": "30",
		"alpha": "GR"
	},
	{
		"flagUrl": "https://restcountries.eu/data/grl.svg",
		"name": "Greenland",
		"code": "299",
		"alpha": "GL"
	},
	{
		"flagUrl": "https://restcountries.eu/data/grd.svg",
		"name": "Grenada",
		"code": "1473",
		"alpha": "GD"
	},
	{
		"flagUrl": "https://restcountries.eu/data/glp.svg",
		"name": "Guadeloupe",
		"code": "590",
		"alpha": "GP"
	},
	{
		"flagUrl": "https://restcountries.eu/data/gum.svg",
		"name": "Guam",
		"code": "1671",
		"alpha": "GU"
	},
	{
		"flagUrl": "https://restcountries.eu/data/gtm.svg",
		"name": "Guatemala",
		"code": "502",
		"alpha": "GT"
	},
	{
		"flagUrl": "https://restcountries.eu/data/ggy.svg",
		"name": "Guernsey",
		"code": "44",
		"alpha": "GG"
	},
	{
		"flagUrl": "https://restcountries.eu/data/gin.svg",
		"name": "Guinea",
		"code": "224",
		"alpha": "GN"
	},
	{
		"flagUrl": "https://restcountries.eu/data/gnb.svg",
		"name": "Guinea-Bissau",
		"code": "245",
		"alpha": "GW"
	},
	{
		"flagUrl": "https://restcountries.eu/data/guy.svg",
		"name": "Guyana",
		"code": "592",
		"alpha": "GY"
	},
	{
		"flagUrl": "https://restcountries.eu/data/hti.svg",
		"name": "Haiti",
		"code": "509",
		"alpha": "HT"
	},
	{
		"flagUrl": "https://restcountries.eu/data/hmd.svg",
		"name": "Heard Island and McDonald Islands",
		"code": "",
		"alpha": "HM"
	},
	{
		"flagUrl": "https://restcountries.eu/data/vat.svg",
		"name": "Holy See",
		"code": "379",
		"alpha": "VA"
	},
	{
		"flagUrl": "https://restcountries.eu/data/hnd.svg",
		"name": "Honduras",
		"code": "504",
		"alpha": "HN"
	},
	{
		"flagUrl": "https://restcountries.eu/data/hkg.svg",
		"name": "Hong Kong",
		"code": "852",
		"alpha": "HK"
	},
	{
		"flagUrl": "https://restcountries.eu/data/hun.svg",
		"name": "Hungary",
		"code": "36",
		"alpha": "HU"
	},
	{
		"flagUrl": "https://restcountries.eu/data/isl.svg",
		"name": "Iceland",
		"code": "354",
		"alpha": "IS"
	},
	{
		"flagUrl": "https://restcountries.eu/data/ind.svg",
		"name": "India",
		"code": "91",
		"alpha": "IN"
	},
	{
		"flagUrl": "https://restcountries.eu/data/idn.svg",
		"name": "Indonesia",
		"code": "62",
		"alpha": "ID"
	},
	{
		"flagUrl": "https://restcountries.eu/data/civ.svg",
		"name": "Côte d'Ivoire",
		"code": "225",
		"alpha": "CI"
	},
	{
		"flagUrl": "https://restcountries.eu/data/irn.svg",
		"name": "Iran (Islamic Republic of)",
		"code": "98",
		"alpha": "IR"
	},
	{
		"flagUrl": "https://restcountries.eu/data/irq.svg",
		"name": "Iraq",
		"code": "964",
		"alpha": "IQ"
	},
	{
		"flagUrl": "https://restcountries.eu/data/irl.svg",
		"name": "Ireland",
		"code": "353",
		"alpha": "IE"
	},
	{
		"flagUrl": "https://restcountries.eu/data/imn.svg",
		"name": "Isle of Man",
		"code": "44",
		"alpha": "IM"
	},
	{
		"flagUrl": "https://restcountries.eu/data/isr.svg",
		"name": "Israel",
		"code": "972",
		"alpha": "IL"
	},
	{
		"flagUrl": "https://restcountries.eu/data/ita.svg",
		"name": "Italy",
		"code": "39",
		"alpha": "IT"
	},
	{
		"flagUrl": "https://restcountries.eu/data/jam.svg",
		"name": "Jamaica",
		"code": "1876",
		"alpha": "JM"
	},
	{
		"flagUrl": "https://restcountries.eu/data/jpn.svg",
		"name": "Japan",
		"code": "81",
		"alpha": "JP"
	},
	{
		"flagUrl": "https://restcountries.eu/data/jey.svg",
		"name": "Jersey",
		"code": "44",
		"alpha": "JE"
	},
	{
		"flagUrl": "https://restcountries.eu/data/jor.svg",
		"name": "Jordan",
		"code": "962",
		"alpha": "JO"
	},
	{
		"flagUrl": "https://restcountries.eu/data/kaz.svg",
		"name": "Kazakhstan",
		"code": "76",
		"alpha": "KZ"
	},
	{
		"flagUrl": "https://restcountries.eu/data/ken.svg",
		"name": "Kenya",
		"code": "254",
		"alpha": "KE"
	},
	{
		"flagUrl": "https://restcountries.eu/data/kir.svg",
		"name": "Kiribati",
		"code": "686",
		"alpha": "KI"
	},
	{
		"flagUrl": "https://restcountries.eu/data/kwt.svg",
		"name": "Kuwait",
		"code": "965",
		"alpha": "KW"
	},
	{
		"flagUrl": "https://restcountries.eu/data/kgz.svg",
		"name": "Kyrgyzstan",
		"code": "996",
		"alpha": "KG"
	},
	{
		"flagUrl": "https://restcountries.eu/data/lao.svg",
		"name": "Lao People's Democratic Republic",
		"code": "856",
		"alpha": "LA"
	},
	{
		"flagUrl": "https://restcountries.eu/data/lva.svg",
		"name": "Latvia",
		"code": "371",
		"alpha": "LV"
	},
	{
		"flagUrl": "https://restcountries.eu/data/lbn.svg",
		"name": "Lebanon",
		"code": "961",
		"alpha": "LB"
	},
	{
		"flagUrl": "https://restcountries.eu/data/lso.svg",
		"name": "Lesotho",
		"code": "266",
		"alpha": "LS"
	},
	{
		"flagUrl": "https://restcountries.eu/data/lbr.svg",
		"name": "Liberia",
		"code": "231",
		"alpha": "LR"
	},
	{
		"flagUrl": "https://restcountries.eu/data/lby.svg",
		"name": "Libya",
		"code": "218",
		"alpha": "LY"
	},
	{
		"flagUrl": "https://restcountries.eu/data/lie.svg",
		"name": "Liechtenstein",
		"code": "423",
		"alpha": "LI"
	},
	{
		"flagUrl": "https://restcountries.eu/data/ltu.svg",
		"name": "Lithuania",
		"code": "370",
		"alpha": "LT"
	},
	{
		"flagUrl": "https://restcountries.eu/data/lux.svg",
		"name": "Luxembourg",
		"code": "352",
		"alpha": "LU"
	},
	{
		"flagUrl": "https://restcountries.eu/data/mac.svg",
		"name": "Macao",
		"code": "853",
		"alpha": "MO"
	},
	{
		"flagUrl": "https://restcountries.eu/data/mkd.svg",
		"name": "Macedonia (the former Yugoslav Republic of)",
		"code": "389",
		"alpha": "MK"
	},
	{
		"flagUrl": "https://restcountries.eu/data/mdg.svg",
		"name": "Madagascar",
		"code": "261",
		"alpha": "MG"
	},
	{
		"flagUrl": "https://restcountries.eu/data/mwi.svg",
		"name": "Malawi",
		"code": "265",
		"alpha": "MW"
	},
	{
		"flagUrl": "https://restcountries.eu/data/mys.svg",
		"name": "Malaysia",
		"code": "60",
		"alpha": "MY"
	},
	{
		"flagUrl": "https://restcountries.eu/data/mdv.svg",
		"name": "Maldives",
		"code": "960",
		"alpha": "MV"
	},
	{
		"flagUrl": "https://restcountries.eu/data/mli.svg",
		"name": "Mali",
		"code": "223",
		"alpha": "ML"
	},
	{
		"flagUrl": "https://restcountries.eu/data/mlt.svg",
		"name": "Malta",
		"code": "356",
		"alpha": "MT"
	},
	{
		"flagUrl": "https://restcountries.eu/data/mhl.svg",
		"name": "Marshall Islands",
		"code": "692",
		"alpha": "MH"
	},
	{
		"flagUrl": "https://restcountries.eu/data/mtq.svg",
		"name": "Martinique",
		"code": "596",
		"alpha": "MQ"
	},
	{
		"flagUrl": "https://restcountries.eu/data/mrt.svg",
		"name": "Mauritania",
		"code": "222",
		"alpha": "MR"
	},
	{
		"flagUrl": "https://restcountries.eu/data/mus.svg",
		"name": "Mauritius",
		"code": "230",
		"alpha": "MU"
	},
	{
		"flagUrl": "https://restcountries.eu/data/myt.svg",
		"name": "Mayotte",
		"code": "262",
		"alpha": "YT"
	},
	{
		"flagUrl": "https://restcountries.eu/data/mex.svg",
		"name": "Mexico",
		"code": "52",
		"alpha": "MX"
	},
	{
		"flagUrl": "https://restcountries.eu/data/fsm.svg",
		"name": "Micronesia (Federated States of)",
		"code": "691",
		"alpha": "FM"
	},
	{
		"flagUrl": "https://restcountries.eu/data/mda.svg",
		"name": "Moldova (Republic of)",
		"code": "373",
		"alpha": "MD"
	},
	{
		"flagUrl": "https://restcountries.eu/data/mco.svg",
		"name": "Monaco",
		"code": "377",
		"alpha": "MC"
	},
	{
		"flagUrl": "https://restcountries.eu/data/mng.svg",
		"name": "Mongolia",
		"code": "976",
		"alpha": "MN"
	},
	{
		"flagUrl": "https://restcountries.eu/data/mne.svg",
		"name": "Montenegro",
		"code": "382",
		"alpha": "ME"
	},
	{
		"flagUrl": "https://restcountries.eu/data/msr.svg",
		"name": "Montserrat",
		"code": "1664",
		"alpha": "MS"
	},
	{
		"flagUrl": "https://restcountries.eu/data/mar.svg",
		"name": "Morocco",
		"code": "212",
		"alpha": "MA"
	},
	{
		"flagUrl": "https://restcountries.eu/data/moz.svg",
		"name": "Mozambique",
		"code": "258",
		"alpha": "MZ"
	},
	{
		"flagUrl": "https://restcountries.eu/data/mmr.svg",
		"name": "Myanmar",
		"code": "95",
		"alpha": "MM"
	},
	{
		"flagUrl": "https://restcountries.eu/data/nam.svg",
		"name": "Namibia",
		"code": "264",
		"alpha": "NA"
	},
	{
		"flagUrl": "https://restcountries.eu/data/nru.svg",
		"name": "Nauru",
		"code": "674",
		"alpha": "NR"
	},
	{
		"flagUrl": "https://restcountries.eu/data/npl.svg",
		"name": "Nepal",
		"code": "977",
		"alpha": "NP"
	},
	{
		"flagUrl": "https://restcountries.eu/data/nld.svg",
		"name": "Netherlands",
		"code": "31",
		"alpha": "NL"
	},
	{
		"flagUrl": "https://restcountries.eu/data/ncl.svg",
		"name": "New Caledonia",
		"code": "687",
		"alpha": "NC"
	},
	{
		"flagUrl": "https://restcountries.eu/data/nzl.svg",
		"name": "New Zealand",
		"code": "64",
		"alpha": "NZ"
	},
	{
		"flagUrl": "https://restcountries.eu/data/nic.svg",
		"name": "Nicaragua",
		"code": "505",
		"alpha": "NI"
	},
	{
		"flagUrl": "https://restcountries.eu/data/ner.svg",
		"name": "Niger",
		"code": "227",
		"alpha": "NE"
	},
	{
		"flagUrl": "https://restcountries.eu/data/nga.svg",
		"name": "Nigeria",
		"code": "234",
		"alpha": "NG"
	},
	{
		"flagUrl": "https://restcountries.eu/data/niu.svg",
		"name": "Niue",
		"code": "683",
		"alpha": "NU"
	},
	{
		"flagUrl": "https://restcountries.eu/data/nfk.svg",
		"name": "Norfolk Island",
		"code": "672",
		"alpha": "NF"
	},
	{
		"flagUrl": "https://restcountries.eu/data/prk.svg",
		"name": "Korea (Democratic People's Republic of)",
		"code": "850",
		"alpha": "KP"
	},
	{
		"flagUrl": "https://restcountries.eu/data/mnp.svg",
		"name": "Northern Mariana Islands",
		"code": "1670",
		"alpha": "MP"
	},
	{
		"flagUrl": "https://restcountries.eu/data/nor.svg",
		"name": "Norway",
		"code": "47",
		"alpha": "NO"
	},
	{
		"flagUrl": "https://restcountries.eu/data/omn.svg",
		"name": "Oman",
		"code": "968",
		"alpha": "OM"
	},
	{
		"flagUrl": "https://restcountries.eu/data/pak.svg",
		"name": "Pakistan",
		"code": "92",
		"alpha": "PK"
	},
	{
		"flagUrl": "https://restcountries.eu/data/plw.svg",
		"name": "Palau",
		"code": "680",
		"alpha": "PW"
	},
	{
		"flagUrl": "https://restcountries.eu/data/pse.svg",
		"name": "Palestine, State of",
		"code": "970",
		"alpha": "PS"
	},
	{
		"flagUrl": "https://restcountries.eu/data/pan.svg",
		"name": "Panama",
		"code": "507",
		"alpha": "PA"
	},
	{
		"flagUrl": "https://restcountries.eu/data/png.svg",
		"name": "Papua New Guinea",
		"code": "675",
		"alpha": "PG"
	},
	{
		"flagUrl": "https://restcountries.eu/data/pry.svg",
		"name": "Paraguay",
		"code": "595",
		"alpha": "PY"
	},
	{
		"flagUrl": "https://restcountries.eu/data/per.svg",
		"name": "Peru",
		"code": "51",
		"alpha": "PE"
	},
	{
		"flagUrl": "https://restcountries.eu/data/phl.svg",
		"name": "Philippines",
		"code": "63",
		"alpha": "PH"
	},
	{
		"flagUrl": "https://restcountries.eu/data/pcn.svg",
		"name": "Pitcairn",
		"code": "64",
		"alpha": "PN"
	},
	{
		"flagUrl": "https://restcountries.eu/data/pol.svg",
		"name": "Poland",
		"code": "48",
		"alpha": "PL"
	},
	{
		"flagUrl": "https://restcountries.eu/data/prt.svg",
		"name": "Portugal",
		"code": "351",
		"alpha": "PT"
	},
	{
		"flagUrl": "https://restcountries.eu/data/pri.svg",
		"name": "Puerto Rico",
		"code": "1787",
		"alpha": "PR"
	},
	{
		"flagUrl": "https://restcountries.eu/data/qat.svg",
		"name": "Qatar",
		"code": "974",
		"alpha": "QA"
	},
	{
		"flagUrl": "https://restcountries.eu/data/kos.svg",
		"name": "Republic of Kosovo",
		"code": "383",
		"alpha": "XK"
	},
	{
		"flagUrl": "https://restcountries.eu/data/reu.svg",
		"name": "Réunion",
		"code": "262",
		"alpha": "RE"
	},
	{
		"flagUrl": "https://restcountries.eu/data/rou.svg",
		"name": "Romania",
		"code": "40",
		"alpha": "RO"
	},
	{
		"flagUrl": "https://restcountries.eu/data/rus.svg",
		"name": "Russian Federation",
		"code": "7",
		"alpha": "RU"
	},
	{
		"flagUrl": "https://restcountries.eu/data/rwa.svg",
		"name": "Rwanda",
		"code": "250",
		"alpha": "RW"
	},
	{
		"flagUrl": "https://restcountries.eu/data/blm.svg",
		"name": "Saint Barthélemy",
		"code": "590",
		"alpha": "BL"
	},
	{
		"flagUrl": "https://restcountries.eu/data/shn.svg",
		"name": "Saint Helena, Ascension and Tristan da Cunha",
		"code": "290",
		"alpha": "SH"
	},
	{
		"flagUrl": "https://restcountries.eu/data/kna.svg",
		"name": "Saint Kitts and Nevis",
		"code": "1869",
		"alpha": "KN"
	},
	{
		"flagUrl": "https://restcountries.eu/data/lca.svg",
		"name": "Saint Lucia",
		"code": "1758",
		"alpha": "LC"
	},
	{
		"flagUrl": "https://restcountries.eu/data/maf.svg",
		"name": "Saint Martin (French part)",
		"code": "590",
		"alpha": "MF"
	},
	{
		"flagUrl": "https://restcountries.eu/data/spm.svg",
		"name": "Saint Pierre and Miquelon",
		"code": "508",
		"alpha": "PM"
	},
	{
		"flagUrl": "https://restcountries.eu/data/vct.svg",
		"name": "Saint Vincent and the Grenadines",
		"code": "1784",
		"alpha": "VC"
	},
	{
		"flagUrl": "https://restcountries.eu/data/wsm.svg",
		"name": "Samoa",
		"code": "685",
		"alpha": "WS"
	},
	{
		"flagUrl": "https://restcountries.eu/data/smr.svg",
		"name": "San Marino",
		"code": "378",
		"alpha": "SM"
	},
	{
		"flagUrl": "https://restcountries.eu/data/stp.svg",
		"name": "Sao Tome and Principe",
		"code": "239",
		"alpha": "ST"
	},
	{
		"flagUrl": "https://restcountries.eu/data/sau.svg",
		"name": "Saudi Arabia",
		"code": "966",
		"alpha": "SA"
	},
	{
		"flagUrl": "https://restcountries.eu/data/sen.svg",
		"name": "Senegal",
		"code": "221",
		"alpha": "SN"
	},
	{
		"flagUrl": "https://restcountries.eu/data/srb.svg",
		"name": "Serbia",
		"code": "381",
		"alpha": "RS"
	},
	{
		"flagUrl": "https://restcountries.eu/data/syc.svg",
		"name": "Seychelles",
		"code": "248",
		"alpha": "SC"
	},
	{
		"flagUrl": "https://restcountries.eu/data/sle.svg",
		"name": "Sierra Leone",
		"code": "232",
		"alpha": "SL"
	},
	{
		"flagUrl": "https://restcountries.eu/data/sgp.svg",
		"name": "Singapore",
		"code": "65",
		"alpha": "SG"
	},
	{
		"flagUrl": "https://restcountries.eu/data/sxm.svg",
		"name": "Sint Maarten (Dutch part)",
		"code": "1721",
		"alpha": "SX"
	},
	{
		"flagUrl": "https://restcountries.eu/data/svk.svg",
		"name": "Slovakia",
		"code": "421",
		"alpha": "SK"
	},
	{
		"flagUrl": "https://restcountries.eu/data/svn.svg",
		"name": "Slovenia",
		"code": "386",
		"alpha": "SI"
	},
	{
		"flagUrl": "https://restcountries.eu/data/slb.svg",
		"name": "Solomon Islands",
		"code": "677",
		"alpha": "SB"
	},
	{
		"flagUrl": "https://restcountries.eu/data/som.svg",
		"name": "Somalia",
		"code": "252",
		"alpha": "SO"
	},
	{
		"flagUrl": "https://restcountries.eu/data/zaf.svg",
		"name": "South Africa",
		"code": "27",
		"alpha": "ZA"
	},
	{
		"flagUrl": "https://restcountries.eu/data/sgs.svg",
		"name": "South Georgia and the South Sandwich Islands",
		"code": "500",
		"alpha": "GS"
	},
	{
		"flagUrl": "https://restcountries.eu/data/kor.svg",
		"name": "Korea (Republic of)",
		"code": "82",
		"alpha": "KR"
	},
	{
		"flagUrl": "https://restcountries.eu/data/ssd.svg",
		"name": "South Sudan",
		"code": "211",
		"alpha": "SS"
	},
	{
		"flagUrl": "https://restcountries.eu/data/esp.svg",
		"name": "Spain",
		"code": "34",
		"alpha": "ES"
	},
	{
		"flagUrl": "https://restcountries.eu/data/lka.svg",
		"name": "Sri Lanka",
		"code": "94",
		"alpha": "LK"
	},
	{
		"flagUrl": "https://restcountries.eu/data/sdn.svg",
		"name": "Sudan",
		"code": "249",
		"alpha": "SD"
	},
	{
		"flagUrl": "https://restcountries.eu/data/sur.svg",
		"name": "Suriname",
		"code": "597",
		"alpha": "SR"
	},
	{
		"flagUrl": "https://restcountries.eu/data/sjm.svg",
		"name": "Svalbard and Jan Mayen",
		"code": "4779",
		"alpha": "SJ"
	},
	{
		"flagUrl": "https://restcountries.eu/data/swz.svg",
		"name": "Swaziland",
		"code": "268",
		"alpha": "SZ"
	},
	{
		"flagUrl": "https://restcountries.eu/data/swe.svg",
		"name": "Sweden",
		"code": "46",
		"alpha": "SE"
	},
	{
		"flagUrl": "https://restcountries.eu/data/che.svg",
		"name": "Switzerland",
		"code": "41",
		"alpha": "CH"
	},
	{
		"flagUrl": "https://restcountries.eu/data/syr.svg",
		"name": "Syrian Arab Republic",
		"code": "963",
		"alpha": "SY"
	},
	{
		"flagUrl": "https://restcountries.eu/data/twn.svg",
		"name": "Taiwan",
		"code": "886",
		"alpha": "TW"
	},
	{
		"flagUrl": "https://restcountries.eu/data/tjk.svg",
		"name": "Tajikistan",
		"code": "992",
		"alpha": "TJ"
	},
	{
		"flagUrl": "https://restcountries.eu/data/tza.svg",
		"name": "Tanzania, United Republic of",
		"code": "255",
		"alpha": "TZ"
	},
	{
		"flagUrl": "https://restcountries.eu/data/tha.svg",
		"name": "Thailand",
		"code": "66",
		"alpha": "TH"
	},
	{
		"flagUrl": "https://restcountries.eu/data/tls.svg",
		"name": "Timor-Leste",
		"code": "670",
		"alpha": "TL"
	},
	{
		"flagUrl": "https://restcountries.eu/data/tgo.svg",
		"name": "Togo",
		"code": "228",
		"alpha": "TG"
	},
	{
		"flagUrl": "https://restcountries.eu/data/tkl.svg",
		"name": "Tokelau",
		"code": "690",
		"alpha": "TK"
	},
	{
		"flagUrl": "https://restcountries.eu/data/ton.svg",
		"name": "Tonga",
		"code": "676",
		"alpha": "TO"
	},
	{
		"flagUrl": "https://restcountries.eu/data/tto.svg",
		"name": "Trinidad and Tobago",
		"code": "1868",
		"alpha": "TT"
	},
	{
		"flagUrl": "https://restcountries.eu/data/tun.svg",
		"name": "Tunisia",
		"code": "216",
		"alpha": "TN"
	},
	{
		"flagUrl": "https://restcountries.eu/data/tur.svg",
		"name": "Turkey",
		"code": "90",
		"alpha": "TR"
	},
	{
		"flagUrl": "https://restcountries.eu/data/tkm.svg",
		"name": "Turkmenistan",
		"code": "993",
		"alpha": "TM"
	},
	{
		"flagUrl": "https://restcountries.eu/data/tca.svg",
		"name": "Turks and Caicos Islands",
		"code": "1649",
		"alpha": "TC"
	},
	{
		"flagUrl": "https://restcountries.eu/data/tuv.svg",
		"name": "Tuvalu",
		"code": "688",
		"alpha": "TV"
	},
	{
		"flagUrl": "https://restcountries.eu/data/uga.svg",
		"name": "Uganda",
		"code": "256",
		"alpha": "UG"
	},
	{
		"flagUrl": "https://restcountries.eu/data/ukr.svg",
		"name": "Ukraine",
		"code": "380",
		"alpha": "UA"
	},
	{
		"flagUrl": "https://restcountries.eu/data/are.svg",
		"name": "United Arab Emirates",
		"code": "971",
		"alpha": "AE"
	},
	{
		"flagUrl": "https://restcountries.eu/data/gbr.svg",
		"name": "United Kingdom of Great Britain and Northern Ireland",
		"code": "44",
		"alpha": "GB"
	},
	{
		"flagUrl": "https://restcountries.eu/data/usa.svg",
		"name": "United States of America",
		"code": "1",
		"alpha": "US"
	},
	{
		"flagUrl": "https://restcountries.eu/data/ury.svg",
		"name": "Uruguay",
		"code": "598",
		"alpha": "UY"
	},
	{
		"flagUrl": "https://restcountries.eu/data/uzb.svg",
		"name": "Uzbekistan",
		"code": "998",
		"alpha": "UZ"
	},
	{
		"flagUrl": "https://restcountries.eu/data/vut.svg",
		"name": "Vanuatu",
		"code": "678",
		"alpha": "VU"
	},
	{
		"flagUrl": "https://restcountries.eu/data/ven.svg",
		"name": "Venezuela (Bolivarian Republic of)",
		"code": "58",
		"alpha": "VE"
	},
	{
		"flagUrl": "https://restcountries.eu/data/vnm.svg",
		"name": "Viet Nam",
		"code": "84",
		"alpha": "VN"
	},
	{
		"flagUrl": "https://restcountries.eu/data/wlf.svg",
		"name": "Wallis and Futuna",
		"code": "681",
		"alpha": "WF"
	},
	{
		"flagUrl": "https://restcountries.eu/data/esh.svg",
		"name": "Western Sahara",
		"code": "212",
		"alpha": "EH"
	},
	{
		"flagUrl": "https://restcountries.eu/data/yem.svg",
		"name": "Yemen",
		"code": "967",
		"alpha": "YE"
	},
	{
		"flagUrl": "https://restcountries.eu/data/zmb.svg",
		"name": "Zambia",
		"code": "260",
		"alpha": "ZM"
	},
	{
		"flagUrl": "https://restcountries.eu/data/zwe.svg",
		"name": "Zimbabwe",
		"code": "263",
		"alpha": "ZW"
	}
]