{"v": "5.5.2", "fr": 60, "ip": 0, "op": 180, "w": 512, "h": 512, "nm": "password_open_idle", "ddd": 0, "assets": [], "layers": [{"ty": 3, "ks": {"p": {"k": [256, 256, 0], "a": 0}, "s": {"k": [95, 95, 100], "a": 0}, "o": {"k": 0, "a": 0}}, "ao": 0, "bm": 0, "ddd": 0, "ind": 1, "ip": 0, "op": 180, "st": 0, "sr": 1}, {"ty": 3, "ks": {"p": {"a": 1, "k": [{"t": 0, "i": {"x": [0.34], "y": [1]}, "o": {"x": [0.33], "y": [0]}, "s": [0, 0, 0], "ti": [0, 0, 0], "to": [0, 0, 0]}, {"t": 19, "i": {"x": [0.34], "y": [1]}, "o": {"x": [0.33], "y": [0]}, "s": [0, 0, 0], "ti": [0, 0, 0], "to": [0, 0, 0]}, {"t": 50, "i": {"x": [0.34], "y": [0.34]}, "o": {"x": [0.33], "y": [0.33]}, "s": [13.684, 0, 0], "ti": [0, 0, 0], "to": [0, 0, 0]}, {"t": 80, "i": {"x": [0.12], "y": [1]}, "o": {"x": [0.33], "y": [0]}, "s": [13.684, 0, 0], "ti": [0, 0, 0], "to": [0, 0, 0]}, {"t": 120, "i": {"x": [0.34], "y": [0.34]}, "o": {"x": [0.33], "y": [0.33]}, "s": [-17.895, 0, 0], "ti": [0, 0, 0], "to": [0, 0, 0]}, {"t": 140, "i": {"x": [0.34], "y": [1]}, "o": {"x": [0.33], "y": [0]}, "s": [-17.895, 0, 0], "ti": [0, 0, 0], "to": [0, 0, 0]}, {"t": 170, "s": [0, 0, 0]}]}, "o": {"k": 0, "a": 0}}, "ao": 0, "bm": 0, "ddd": 0, "ind": 2, "ip": 0, "op": 180, "st": 0, "sr": 1, "parent": 7}, {"ty": 4, "ks": {"a": {"k": [-63.783, 7.296, 0], "a": 0}, "p": {"k": [-63.783, 7.296, 0], "a": 0}, "s": {"a": 1, "k": [{"t": 19, "i": {"x": [0.34], "y": [1]}, "o": {"x": [0.167], "y": [0]}, "s": [100, 100, 100]}, {"t": 80, "i": {"x": [0.34], "y": [1]}, "o": {"x": [0.33], "y": [0]}, "s": [100, 100, 100]}, {"t": 120, "i": {"x": [0.34], "y": [1]}, "o": {"x": [0.33], "y": [0]}, "s": [95, 95, 100]}, {"t": 140, "i": {"x": [0.34], "y": [1]}, "o": {"x": [0.33], "y": [0]}, "s": [95, 95, 100]}, {"t": 170, "s": [100, 100, 100]}]}}, "ao": 0, "bm": 0, "ddd": 0, "ind": 3, "ip": 0, "op": 180, "st": 0, "sr": 1, "parent": 2, "shapes": [{"hd": false, "ty": "gr", "it": [{"hd": false, "ty": "gr", "it": [{"hd": false, "ty": "sh", "ks": {"k": [{"t": 19, "i": {"x": [0.34], "y": [1]}, "o": {"x": [0.33], "y": [0]}, "s": [{"c": true, "i": [[0, -11.871], [9.986, 0], [0, 7.079], [-9.986, 0]], "o": [[0, 7.079], [-9.986, 0], [0, -11.357], [9.986, 0]], "v": [[-46.701, 12.524], [-63.783, 33.272], [-80.865, 12.524], [-63.783, 11.875]]}]}, {"t": 26, "i": {"x": [0.34], "y": [1]}, "o": {"x": [0.33], "y": [0]}, "s": [{"c": true, "i": [[0, -0.618], [4.754, 0], [0, 2.194], [-4.754, 0]], "o": [[0, 2.194], [-4.754, 0], [0, -1.118], [4.754, 0]], "v": [[-50.556, 14.024], [-63.816, 16.897], [-76.57, 13.649], [-63.82, 15.407]]}]}, {"t": 34, "i": {"x": [0.833], "y": [1]}, "o": {"x": [0.167], "y": [0]}, "s": [{"c": true, "i": [[0, -11.871], [9.986, 0], [0, 7.079], [-9.986, 0]], "o": [[0, 7.079], [-9.986, 0], [0, -11.357], [9.986, 0]], "v": [[-46.701, 12.524], [-63.783, 33.272], [-80.865, 12.524], [-63.783, 11.875]]}]}, {"t": 80, "i": {"x": [0.34], "y": [1]}, "o": {"x": [0.33], "y": [0]}, "s": [{"c": true, "i": [[0, -11.871], [9.986, 0], [0, 7.079], [-9.986, 0]], "o": [[0, 7.079], [-9.986, 0], [0, -11.357], [9.986, 0]], "v": [[-46.701, 12.524], [-63.783, 33.272], [-80.865, 12.524], [-63.783, 11.875]]}]}, {"t": 87, "i": {"x": [0.34], "y": [1]}, "o": {"x": [0.33], "y": [0]}, "s": [{"c": true, "i": [[0, -0.618], [4.754, 0], [0, 2.194], [-4.754, 0]], "o": [[0, 2.194], [-4.754, 0], [0, -1.118], [4.754, 0]], "v": [[-50.556, 14.024], [-63.816, 16.897], [-76.57, 13.649], [-63.82, 15.407]]}]}, {"t": 95, "i": {"x": [0.833], "y": [1]}, "o": {"x": [0.167], "y": [0]}, "s": [{"c": true, "i": [[0, -11.871], [9.986, 0], [0, 7.079], [-9.986, 0]], "o": [[0, 7.079], [-9.986, 0], [0, -11.357], [9.986, 0]], "v": [[-46.701, 12.524], [-63.783, 33.272], [-80.865, 12.524], [-63.783, 11.875]]}]}, {"t": 141, "i": {"x": [0.34], "y": [1]}, "o": {"x": [0.33], "y": [0]}, "s": [{"c": true, "i": [[0, -11.871], [9.986, 0], [0, 7.079], [-9.986, 0]], "o": [[0, 7.079], [-9.986, 0], [0, -11.357], [9.986, 0]], "v": [[-46.701, 12.524], [-63.783, 33.272], [-80.865, 12.524], [-63.783, 11.875]]}]}, {"t": 148, "i": {"x": [0.34], "y": [1]}, "o": {"x": [0.33], "y": [0]}, "s": [{"c": true, "i": [[0, -0.618], [4.754, 0], [0, 2.194], [-4.754, 0]], "o": [[0, 2.194], [-4.754, 0], [0, -1.118], [4.754, 0]], "v": [[-50.556, 14.024], [-63.816, 16.897], [-76.57, 13.649], [-63.82, 15.407]]}]}, {"t": 162, "s": [{"c": true, "i": [[0, -11.871], [9.986, 0], [0, 7.079], [-9.986, 0]], "o": [[0, 7.079], [-9.986, 0], [0, -11.357], [9.986, 0]], "v": [[-46.701, 12.524], [-63.783, 33.272], [-80.865, 12.524], [-63.783, 11.875]]}]}], "a": 1}}, {"hd": false, "ty": "fl", "o": {"k": 100, "a": 0}, "c": {"k": [0.282, 0.286, 0.286, 1], "a": 0}}, {"ty": "tr", "a": {"k": [0, 0], "a": 0}, "p": {"k": [0, 0], "a": 0}, "s": {"k": [100, 100], "a": 0}, "r": {"k": 0, "a": 0}, "o": {"k": 100, "a": 0}, "sk": {"k": 0, "a": 0}, "sa": {"k": 0, "a": 0}}]}, {"hd": false, "ty": "gr", "it": [{"hd": false, "ty": "sh", "ks": {"k": [{"t": 19, "i": {"x": [0.34], "y": [1]}, "o": {"x": [0.33], "y": [0]}, "s": [{"c": true, "i": [[0, -3.629], [7.358, 0], [0, 5.828], [-7.358, 0]], "o": [[0, 5.701], [-7.358, 0], [0, -3.63], [7.358, 0]], "v": [[-50.461, -12.676], [-63.783, -11.535], [-77.106, -12.676], [-63.783, -23.45]]}]}, {"t": 26, "i": {"x": [0.34], "y": [1]}, "o": {"x": [0.33], "y": [0]}, "s": [{"c": true, "i": [[0, 0.161], [7.358, 0], [0, -0.258], [-7.358, 0]], "o": [[0, -0.253], [-7.358, 0], [0, 0.161], [7.358, 0]], "v": [[-50.31, 11.585], [-63.766, 14.468], [-77.067, 11.366], [-63.766, 14.441]]}]}, {"t": 34, "i": {"x": [0.833], "y": [1]}, "o": {"x": [0.167], "y": [0]}, "s": [{"c": true, "i": [[0, -3.629], [7.358, 0], [0, 5.828], [-7.358, 0]], "o": [[0, 5.701], [-7.358, 0], [0, -3.63], [7.358, 0]], "v": [[-50.461, -12.676], [-63.783, -11.535], [-77.106, -12.676], [-63.783, -23.45]]}]}, {"t": 80, "i": {"x": [0.34], "y": [1]}, "o": {"x": [0.33], "y": [0]}, "s": [{"c": true, "i": [[0, -3.629], [7.358, 0], [0, 5.828], [-7.358, 0]], "o": [[0, 5.701], [-7.358, 0], [0, -3.63], [7.358, 0]], "v": [[-50.461, -12.676], [-63.783, -11.535], [-77.106, -12.676], [-63.783, -23.45]]}]}, {"t": 87, "i": {"x": [0.34], "y": [1]}, "o": {"x": [0.33], "y": [0]}, "s": [{"c": true, "i": [[0, 0.161], [7.358, 0], [0, -0.258], [-7.358, 0]], "o": [[0, -0.253], [-7.358, 0], [0, 0.161], [7.358, 0]], "v": [[-50.31, 11.585], [-63.766, 14.468], [-77.067, 11.366], [-63.766, 14.441]]}]}, {"t": 95, "i": {"x": [0.833], "y": [1]}, "o": {"x": [0.167], "y": [0]}, "s": [{"c": true, "i": [[0, -3.629], [7.358, 0], [0, 5.828], [-7.358, 0]], "o": [[0, 5.701], [-7.358, 0], [0, -3.63], [7.358, 0]], "v": [[-50.461, -12.676], [-63.783, -11.535], [-77.106, -12.676], [-63.783, -23.45]]}]}, {"t": 141, "i": {"x": [0.34], "y": [1]}, "o": {"x": [0.33], "y": [0]}, "s": [{"c": true, "i": [[0, -3.629], [7.358, 0], [0, 5.828], [-7.358, 0]], "o": [[0, 5.701], [-7.358, 0], [0, -3.63], [7.358, 0]], "v": [[-50.461, -12.676], [-63.783, -11.535], [-77.106, -12.676], [-63.783, -23.45]]}]}, {"t": 148, "i": {"x": [0.34], "y": [1]}, "o": {"x": [0.33], "y": [0]}, "s": [{"c": true, "i": [[0, 0.161], [7.358, 0], [0, -0.258], [-7.358, 0]], "o": [[0, -0.253], [-7.358, 0], [0, 0.161], [7.358, 0]], "v": [[-50.31, 11.585], [-63.766, 14.468], [-77.067, 11.366], [-63.766, 14.441]]}]}, {"t": 162, "s": [{"c": true, "i": [[0, -3.629], [7.358, 0], [0, 5.828], [-7.358, 0]], "o": [[0, 5.701], [-7.358, 0], [0, -3.63], [7.358, 0]], "v": [[-50.461, -12.676], [-63.783, -11.535], [-77.106, -12.676], [-63.783, -23.45]]}]}], "a": 1}}, {"hd": false, "ty": "fl", "o": {"k": 100, "a": 0}, "c": {"k": [0.961, 0.961, 0.961, 1], "a": 0}}, {"ty": "tr", "a": {"k": [0, 0], "a": 0}, "p": {"k": [0, 0], "a": 0}, "s": {"k": [100, 100], "a": 0}, "r": {"k": 0, "a": 0}, "o": {"k": 100, "a": 0}, "sk": {"k": 0, "a": 0}, "sa": {"k": 0, "a": 0}}]}, {"hd": false, "ty": "gr", "it": [{"hd": false, "ty": "sh", "ks": {"k": [{"t": 19, "i": {"x": [0.34], "y": [1]}, "o": {"x": [0.33], "y": [0]}, "s": [{"c": true, "i": [[0, -19.516], [13.393, 0], [0, 19.516], [-13.393, 0]], "o": [[0, 19.516], [-13.393, 0], [0, -19.516], [13.393, 0]], "v": [[-39.533, 4.77], [-63.783, 40.106], [-88.033, 4.77], [-63.783, -30.566]]}]}, {"t": 26, "i": {"x": [0.34], "y": [1]}, "o": {"x": [0.33], "y": [0]}, "s": [{"c": true, "i": [[0, -5.552], [13.393, 0], [0, 5.198], [-13.393, 0]], "o": [[0, 6.698], [-13.393, 0], [0, -5.427], [13.393, 0]], "v": [[-39.533, 4.77], [-63.758, 17.731], [-88.033, 4.77], [-63.758, 12.934]]}]}, {"t": 34, "i": {"x": [0.833], "y": [1]}, "o": {"x": [0.167], "y": [0]}, "s": [{"c": true, "i": [[0, -19.516], [13.393, 0], [0, 19.516], [-13.393, 0]], "o": [[0, 19.516], [-13.393, 0], [0, -19.516], [13.393, 0]], "v": [[-39.533, 4.77], [-63.783, 40.106], [-88.033, 4.77], [-63.783, -30.566]]}]}, {"t": 80, "i": {"x": [0.34], "y": [1]}, "o": {"x": [0.33], "y": [0]}, "s": [{"c": true, "i": [[0, -19.516], [13.393, 0], [0, 19.516], [-13.393, 0]], "o": [[0, 19.516], [-13.393, 0], [0, -19.516], [13.393, 0]], "v": [[-39.533, 4.77], [-63.783, 40.106], [-88.033, 4.77], [-63.783, -30.566]]}]}, {"t": 87, "i": {"x": [0.34], "y": [1]}, "o": {"x": [0.33], "y": [0]}, "s": [{"c": true, "i": [[0, -5.552], [13.393, 0], [0, 5.198], [-13.393, 0]], "o": [[0, 6.698], [-13.393, 0], [0, -5.427], [13.393, 0]], "v": [[-39.533, 4.77], [-63.758, 17.731], [-88.033, 4.77], [-63.758, 12.934]]}]}, {"t": 95, "i": {"x": [0.833], "y": [1]}, "o": {"x": [0.167], "y": [0]}, "s": [{"c": true, "i": [[0, -19.516], [13.393, 0], [0, 19.516], [-13.393, 0]], "o": [[0, 19.516], [-13.393, 0], [0, -19.516], [13.393, 0]], "v": [[-39.533, 4.77], [-63.783, 40.106], [-88.033, 4.77], [-63.783, -30.566]]}]}, {"t": 141, "i": {"x": [0.34], "y": [1]}, "o": {"x": [0.33], "y": [0]}, "s": [{"c": true, "i": [[0, -19.516], [13.393, 0], [0, 19.516], [-13.393, 0]], "o": [[0, 19.516], [-13.393, 0], [0, -19.516], [13.393, 0]], "v": [[-39.533, 4.77], [-63.783, 40.106], [-88.033, 4.77], [-63.783, -30.566]]}]}, {"t": 148, "i": {"x": [0.34], "y": [1]}, "o": {"x": [0.33], "y": [0]}, "s": [{"c": true, "i": [[0, -5.552], [13.393, 0], [0, 5.198], [-13.393, 0]], "o": [[0, 6.698], [-13.393, 0], [0, -5.427], [13.393, 0]], "v": [[-39.533, 4.77], [-63.758, 17.731], [-88.033, 4.77], [-63.758, 12.934]]}]}, {"t": 162, "s": [{"c": true, "i": [[0, -19.516], [13.393, 0], [0, 19.516], [-13.393, 0]], "o": [[0, 19.516], [-13.393, 0], [0, -19.516], [13.393, 0]], "v": [[-39.533, 4.77], [-63.783, 40.106], [-88.033, 4.77], [-63.783, -30.566]]}]}], "a": 1}}, {"hd": false, "ty": "fl", "o": {"k": 100, "a": 0}, "c": {"k": [0.067, 0.067, 0.067, 1], "a": 0}}, {"ty": "tr", "a": {"k": [0, 0], "a": 0}, "p": {"k": [0, 0], "a": 0}, "s": {"k": [100, 100], "a": 0}, "r": {"k": 0, "a": 0}, "o": {"k": 100, "a": 0}, "sk": {"k": 0, "a": 0}, "sa": {"k": 0, "a": 0}}]}, {"ty": "tr", "a": {"k": [0, 0], "a": 0}, "p": {"k": [0, 0], "a": 0}, "s": {"k": [100, 100], "a": 0}, "r": {"k": 0, "a": 0}, "o": {"k": 100, "a": 0}, "sk": {"k": 0, "a": 0}, "sa": {"k": 0, "a": 0}}]}, {"hd": false, "ty": "gr", "it": [{"hd": false, "ty": "sh", "ks": {"k": [{"t": 19, "i": {"x": [0.34], "y": [1]}, "o": {"x": [0.33], "y": [0]}, "s": [{"c": true, "i": [[0, -19.516], [13.393, 0], [0, 19.516], [-13.393, 0]], "o": [[0, 19.516], [-13.393, 0], [0, -19.516], [13.393, 0]], "v": [[-38.523, 9.822], [-63.783, 45.158], [-89.044, 9.822], [-63.783, -25.514]]}]}, {"t": 26, "i": {"x": [0.34], "y": [1]}, "o": {"x": [0.33], "y": [0]}, "s": [{"c": true, "i": [[0, -10.354], [13.393, 0], [0, 4.146], [-13.393, 0]], "o": [[0, 6.771], [-13.393, 0], [0, -11.604], [13.393, 0]], "v": [[-38.545, 7.822], [-63.816, 19.658], [-89.088, 8.322], [-63.816, 13.986]]}]}, {"t": 34, "i": {"x": [0.833], "y": [1]}, "o": {"x": [0.167], "y": [0]}, "s": [{"c": true, "i": [[0, -19.516], [13.393, 0], [0, 19.516], [-13.393, 0]], "o": [[0, 19.516], [-13.393, 0], [0, -19.516], [13.393, 0]], "v": [[-38.523, 9.822], [-63.783, 45.158], [-89.044, 9.822], [-63.783, -25.514]]}]}, {"t": 80, "i": {"x": [0.34], "y": [1]}, "o": {"x": [0.33], "y": [0]}, "s": [{"c": true, "i": [[0, -19.516], [13.393, 0], [0, 19.516], [-13.393, 0]], "o": [[0, 19.516], [-13.393, 0], [0, -19.516], [13.393, 0]], "v": [[-38.523, 9.822], [-63.783, 45.158], [-89.044, 9.822], [-63.783, -25.514]]}]}, {"t": 87, "i": {"x": [0.34], "y": [1]}, "o": {"x": [0.33], "y": [0]}, "s": [{"c": true, "i": [[0, -10.354], [13.393, 0], [0, 4.146], [-13.393, 0]], "o": [[0, 6.771], [-13.393, 0], [0, -11.604], [13.393, 0]], "v": [[-38.545, 7.822], [-63.816, 19.658], [-89.088, 8.322], [-63.816, 13.986]]}]}, {"t": 95, "i": {"x": [0.833], "y": [1]}, "o": {"x": [0.167], "y": [0]}, "s": [{"c": true, "i": [[0, -19.516], [13.393, 0], [0, 19.516], [-13.393, 0]], "o": [[0, 19.516], [-13.393, 0], [0, -19.516], [13.393, 0]], "v": [[-38.523, 9.822], [-63.783, 45.158], [-89.044, 9.822], [-63.783, -25.514]]}]}, {"t": 141, "i": {"x": [0.34], "y": [1]}, "o": {"x": [0.33], "y": [0]}, "s": [{"c": true, "i": [[0, -19.516], [13.393, 0], [0, 19.516], [-13.393, 0]], "o": [[0, 19.516], [-13.393, 0], [0, -19.516], [13.393, 0]], "v": [[-38.523, 9.822], [-63.783, 45.158], [-89.044, 9.822], [-63.783, -25.514]]}]}, {"t": 148, "i": {"x": [0.34], "y": [1]}, "o": {"x": [0.33], "y": [0]}, "s": [{"c": true, "i": [[0, -10.354], [13.393, 0], [0, 4.146], [-13.393, 0]], "o": [[0, 6.771], [-13.393, 0], [0, -11.604], [13.393, 0]], "v": [[-38.545, 7.822], [-63.816, 19.658], [-89.088, 8.322], [-63.816, 13.986]]}]}, {"t": 162, "s": [{"c": true, "i": [[0, -19.516], [13.393, 0], [0, 19.516], [-13.393, 0]], "o": [[0, 19.516], [-13.393, 0], [0, -19.516], [13.393, 0]], "v": [[-38.523, 9.822], [-63.783, 45.158], [-89.044, 9.822], [-63.783, -25.514]]}]}], "a": 1}}, {"hd": false, "ty": "fl", "o": {"k": 100, "a": 0}, "c": {"k": [0.859, 0.749, 0.592, 1], "a": 0}}, {"ty": "tr", "a": {"k": [0, 0], "a": 0}, "p": {"k": [0, 0], "a": 0}, "s": {"k": [100, 100], "a": 0}, "r": {"k": 0, "a": 0}, "o": {"k": 100, "a": 0}, "sk": {"k": 0, "a": 0}, "sa": {"k": 0, "a": 0}}]}]}, {"ty": 4, "ks": {"a": {"k": [-63.783, 7.296, 0], "a": 0}, "p": {"k": [73.842, 7.296, 0], "a": 0}, "s": {"a": 1, "k": [{"t": 19, "i": {"x": [0.34], "y": [1]}, "o": {"x": [0.33], "y": [0]}, "s": [-100, 100, 100]}, {"t": 50, "i": {"x": [0.667], "y": [1]}, "o": {"x": [0.33], "y": [0]}, "s": [-95, 95, 100]}, {"t": 80, "i": {"x": [0.667], "y": [1]}, "o": {"x": [0.333], "y": [0]}, "s": [-95, 95, 100]}, {"t": 100, "s": [-100, 100, 100]}]}}, "ao": 0, "bm": 0, "ddd": 0, "ind": 4, "ip": 0, "op": 180, "st": 0, "sr": 1, "parent": 2, "shapes": [{"hd": false, "ty": "gr", "it": [{"hd": false, "ty": "gr", "it": [{"hd": false, "ty": "sh", "ks": {"k": [{"t": 19, "i": {"x": [0.34], "y": [1]}, "o": {"x": [0.33], "y": [0]}, "s": [{"c": true, "i": [[0, -11.871], [9.986, 0], [0, 7.079], [-9.986, 0]], "o": [[0, 7.079], [-9.986, 0], [0, -11.357], [9.986, 0]], "v": [[-46.701, 12.524], [-63.783, 33.272], [-80.865, 12.524], [-63.783, 11.875]]}]}, {"t": 26, "i": {"x": [0.34], "y": [1]}, "o": {"x": [0.33], "y": [0]}, "s": [{"c": true, "i": [[0, -0.618], [4.754, 0], [0, 2.194], [-4.754, 0]], "o": [[0, 2.194], [-4.754, 0], [0, -1.118], [4.754, 0]], "v": [[-50.556, 14.024], [-63.816, 16.897], [-76.57, 13.649], [-63.82, 15.407]]}]}, {"t": 34, "i": {"x": [0.833], "y": [1]}, "o": {"x": [0.167], "y": [0]}, "s": [{"c": true, "i": [[0, -11.871], [9.986, 0], [0, 7.079], [-9.986, 0]], "o": [[0, 7.079], [-9.986, 0], [0, -11.357], [9.986, 0]], "v": [[-46.701, 12.524], [-63.783, 33.272], [-80.865, 12.524], [-63.783, 11.875]]}]}, {"t": 80, "i": {"x": [0.34], "y": [1]}, "o": {"x": [0.33], "y": [0]}, "s": [{"c": true, "i": [[0, -11.871], [9.986, 0], [0, 7.079], [-9.986, 0]], "o": [[0, 7.079], [-9.986, 0], [0, -11.357], [9.986, 0]], "v": [[-46.701, 12.524], [-63.783, 33.272], [-80.865, 12.524], [-63.783, 11.875]]}]}, {"t": 87, "i": {"x": [0.34], "y": [1]}, "o": {"x": [0.33], "y": [0]}, "s": [{"c": true, "i": [[0, -0.618], [4.754, 0], [0, 2.194], [-4.754, 0]], "o": [[0, 2.194], [-4.754, 0], [0, -1.118], [4.754, 0]], "v": [[-50.556, 14.024], [-63.816, 16.897], [-76.57, 13.649], [-63.82, 15.407]]}]}, {"t": 95, "i": {"x": [0.833], "y": [1]}, "o": {"x": [0.167], "y": [0]}, "s": [{"c": true, "i": [[0, -11.871], [9.986, 0], [0, 7.079], [-9.986, 0]], "o": [[0, 7.079], [-9.986, 0], [0, -11.357], [9.986, 0]], "v": [[-46.701, 12.524], [-63.783, 33.272], [-80.865, 12.524], [-63.783, 11.875]]}]}, {"t": 141, "i": {"x": [0.34], "y": [1]}, "o": {"x": [0.33], "y": [0]}, "s": [{"c": true, "i": [[0, -11.871], [9.986, 0], [0, 7.079], [-9.986, 0]], "o": [[0, 7.079], [-9.986, 0], [0, -11.357], [9.986, 0]], "v": [[-46.701, 12.524], [-63.783, 33.272], [-80.865, 12.524], [-63.783, 11.875]]}]}, {"t": 148, "i": {"x": [0.34], "y": [1]}, "o": {"x": [0.33], "y": [0]}, "s": [{"c": true, "i": [[0, -0.618], [4.754, 0], [0, 2.194], [-4.754, 0]], "o": [[0, 2.194], [-4.754, 0], [0, -1.118], [4.754, 0]], "v": [[-50.556, 14.024], [-63.816, 16.897], [-76.57, 13.649], [-63.82, 15.407]]}]}, {"t": 162, "s": [{"c": true, "i": [[0, -11.871], [9.986, 0], [0, 7.079], [-9.986, 0]], "o": [[0, 7.079], [-9.986, 0], [0, -11.357], [9.986, 0]], "v": [[-46.701, 12.524], [-63.783, 33.272], [-80.865, 12.524], [-63.783, 11.875]]}]}], "a": 1}}, {"hd": false, "ty": "fl", "o": {"k": 100, "a": 0}, "c": {"k": [0.282, 0.286, 0.286, 1], "a": 0}}, {"ty": "tr", "a": {"k": [0, 0], "a": 0}, "p": {"k": [0, 0], "a": 0}, "s": {"k": [100, 100], "a": 0}, "r": {"k": 0, "a": 0}, "o": {"k": 100, "a": 0}, "sk": {"k": 0, "a": 0}, "sa": {"k": 0, "a": 0}}]}, {"hd": false, "ty": "gr", "it": [{"hd": false, "ty": "sh", "ks": {"k": [{"t": 19, "i": {"x": [0.34], "y": [1]}, "o": {"x": [0.33], "y": [0]}, "s": [{"c": true, "i": [[0, -3.629], [7.358, 0], [0, 5.828], [-7.358, 0]], "o": [[0, 5.701], [-7.358, 0], [0, -3.63], [7.358, 0]], "v": [[-50.461, -12.676], [-63.783, -11.535], [-77.106, -12.676], [-63.783, -23.45]]}]}, {"t": 26, "i": {"x": [0.34], "y": [1]}, "o": {"x": [0.33], "y": [0]}, "s": [{"c": true, "i": [[0, 0.161], [7.358, 0], [0, -0.258], [-7.358, 0]], "o": [[0, -0.253], [-7.358, 0], [0, 0.161], [7.358, 0]], "v": [[-50.31, 11.585], [-63.766, 14.468], [-77.067, 11.366], [-63.766, 14.441]]}]}, {"t": 34, "i": {"x": [0.833], "y": [1]}, "o": {"x": [0.167], "y": [0]}, "s": [{"c": true, "i": [[0, -3.629], [7.358, 0], [0, 5.828], [-7.358, 0]], "o": [[0, 5.701], [-7.358, 0], [0, -3.63], [7.358, 0]], "v": [[-50.461, -12.676], [-63.783, -11.535], [-77.106, -12.676], [-63.783, -23.45]]}]}, {"t": 80, "i": {"x": [0.34], "y": [1]}, "o": {"x": [0.33], "y": [0]}, "s": [{"c": true, "i": [[0, -3.629], [7.358, 0], [0, 5.828], [-7.358, 0]], "o": [[0, 5.701], [-7.358, 0], [0, -3.63], [7.358, 0]], "v": [[-50.461, -12.676], [-63.783, -11.535], [-77.106, -12.676], [-63.783, -23.45]]}]}, {"t": 87, "i": {"x": [0.34], "y": [1]}, "o": {"x": [0.33], "y": [0]}, "s": [{"c": true, "i": [[0, 0.161], [7.358, 0], [0, -0.258], [-7.358, 0]], "o": [[0, -0.253], [-7.358, 0], [0, 0.161], [7.358, 0]], "v": [[-50.31, 11.585], [-63.766, 14.468], [-77.067, 11.366], [-63.766, 14.441]]}]}, {"t": 95, "i": {"x": [0.833], "y": [1]}, "o": {"x": [0.167], "y": [0]}, "s": [{"c": true, "i": [[0, -3.629], [7.358, 0], [0, 5.828], [-7.358, 0]], "o": [[0, 5.701], [-7.358, 0], [0, -3.63], [7.358, 0]], "v": [[-50.461, -12.676], [-63.783, -11.535], [-77.106, -12.676], [-63.783, -23.45]]}]}, {"t": 141, "i": {"x": [0.34], "y": [1]}, "o": {"x": [0.33], "y": [0]}, "s": [{"c": true, "i": [[0, -3.629], [7.358, 0], [0, 5.828], [-7.358, 0]], "o": [[0, 5.701], [-7.358, 0], [0, -3.63], [7.358, 0]], "v": [[-50.461, -12.676], [-63.783, -11.535], [-77.106, -12.676], [-63.783, -23.45]]}]}, {"t": 148, "i": {"x": [0.34], "y": [1]}, "o": {"x": [0.33], "y": [0]}, "s": [{"c": true, "i": [[0, 0.161], [7.358, 0], [0, -0.258], [-7.358, 0]], "o": [[0, -0.253], [-7.358, 0], [0, 0.161], [7.358, 0]], "v": [[-50.31, 11.585], [-63.766, 14.468], [-77.067, 11.366], [-63.766, 14.441]]}]}, {"t": 162, "s": [{"c": true, "i": [[0, -3.629], [7.358, 0], [0, 5.828], [-7.358, 0]], "o": [[0, 5.701], [-7.358, 0], [0, -3.63], [7.358, 0]], "v": [[-50.461, -12.676], [-63.783, -11.535], [-77.106, -12.676], [-63.783, -23.45]]}]}], "a": 1}}, {"hd": false, "ty": "fl", "o": {"k": 100, "a": 0}, "c": {"k": [0.961, 0.961, 0.961, 1], "a": 0}}, {"ty": "tr", "a": {"k": [0, 0], "a": 0}, "p": {"k": [0, 0], "a": 0}, "s": {"k": [100, 100], "a": 0}, "r": {"k": 0, "a": 0}, "o": {"k": 100, "a": 0}, "sk": {"k": 0, "a": 0}, "sa": {"k": 0, "a": 0}}]}, {"hd": false, "ty": "gr", "it": [{"hd": false, "ty": "sh", "ks": {"k": [{"t": 19, "i": {"x": [0.34], "y": [1]}, "o": {"x": [0.33], "y": [0]}, "s": [{"c": true, "i": [[0, -19.516], [13.393, 0], [0, 19.516], [-13.393, 0]], "o": [[0, 19.516], [-13.393, 0], [0, -19.516], [13.393, 0]], "v": [[-39.533, 4.77], [-63.783, 40.106], [-88.033, 4.77], [-63.783, -30.566]]}]}, {"t": 26, "i": {"x": [0.34], "y": [1]}, "o": {"x": [0.33], "y": [0]}, "s": [{"c": true, "i": [[0, -5.552], [13.393, 0], [0, 5.198], [-13.393, 0]], "o": [[0, 6.698], [-13.393, 0], [0, -5.427], [13.393, 0]], "v": [[-39.533, 4.77], [-63.758, 17.731], [-88.033, 4.77], [-63.758, 12.934]]}]}, {"t": 34, "i": {"x": [0.833], "y": [1]}, "o": {"x": [0.167], "y": [0]}, "s": [{"c": true, "i": [[0, -19.516], [13.393, 0], [0, 19.516], [-13.393, 0]], "o": [[0, 19.516], [-13.393, 0], [0, -19.516], [13.393, 0]], "v": [[-39.533, 4.77], [-63.783, 40.106], [-88.033, 4.77], [-63.783, -30.566]]}]}, {"t": 80, "i": {"x": [0.34], "y": [1]}, "o": {"x": [0.33], "y": [0]}, "s": [{"c": true, "i": [[0, -19.516], [13.393, 0], [0, 19.516], [-13.393, 0]], "o": [[0, 19.516], [-13.393, 0], [0, -19.516], [13.393, 0]], "v": [[-39.533, 4.77], [-63.783, 40.106], [-88.033, 4.77], [-63.783, -30.566]]}]}, {"t": 87, "i": {"x": [0.34], "y": [1]}, "o": {"x": [0.33], "y": [0]}, "s": [{"c": true, "i": [[0, -5.552], [13.393, 0], [0, 5.198], [-13.393, 0]], "o": [[0, 6.698], [-13.393, 0], [0, -5.427], [13.393, 0]], "v": [[-39.533, 4.77], [-63.758, 17.731], [-88.033, 4.77], [-63.758, 12.934]]}]}, {"t": 95, "i": {"x": [0.833], "y": [1]}, "o": {"x": [0.167], "y": [0]}, "s": [{"c": true, "i": [[0, -19.516], [13.393, 0], [0, 19.516], [-13.393, 0]], "o": [[0, 19.516], [-13.393, 0], [0, -19.516], [13.393, 0]], "v": [[-39.533, 4.77], [-63.783, 40.106], [-88.033, 4.77], [-63.783, -30.566]]}]}, {"t": 141, "i": {"x": [0.34], "y": [1]}, "o": {"x": [0.33], "y": [0]}, "s": [{"c": true, "i": [[0, -19.516], [13.393, 0], [0, 19.516], [-13.393, 0]], "o": [[0, 19.516], [-13.393, 0], [0, -19.516], [13.393, 0]], "v": [[-39.533, 4.77], [-63.783, 40.106], [-88.033, 4.77], [-63.783, -30.566]]}]}, {"t": 148, "i": {"x": [0.34], "y": [1]}, "o": {"x": [0.33], "y": [0]}, "s": [{"c": true, "i": [[0, -5.552], [13.393, 0], [0, 5.198], [-13.393, 0]], "o": [[0, 6.698], [-13.393, 0], [0, -5.427], [13.393, 0]], "v": [[-39.533, 4.77], [-63.758, 17.731], [-88.033, 4.77], [-63.758, 12.934]]}]}, {"t": 162, "s": [{"c": true, "i": [[0, -19.516], [13.393, 0], [0, 19.516], [-13.393, 0]], "o": [[0, 19.516], [-13.393, 0], [0, -19.516], [13.393, 0]], "v": [[-39.533, 4.77], [-63.783, 40.106], [-88.033, 4.77], [-63.783, -30.566]]}]}], "a": 1}}, {"hd": false, "ty": "fl", "o": {"k": 100, "a": 0}, "c": {"k": [0.067, 0.067, 0.067, 1], "a": 0}}, {"ty": "tr", "a": {"k": [0, 0], "a": 0}, "p": {"k": [0, 0], "a": 0}, "s": {"k": [100, 100], "a": 0}, "r": {"k": 0, "a": 0}, "o": {"k": 100, "a": 0}, "sk": {"k": 0, "a": 0}, "sa": {"k": 0, "a": 0}}]}, {"ty": "tr", "a": {"k": [0, 0], "a": 0}, "p": {"k": [0, 0], "a": 0}, "s": {"k": [100, 100], "a": 0}, "r": {"k": 0, "a": 0}, "o": {"k": 100, "a": 0}, "sk": {"k": 0, "a": 0}, "sa": {"k": 0, "a": 0}}]}, {"hd": false, "ty": "gr", "it": [{"hd": false, "ty": "sh", "ks": {"k": [{"t": 19, "i": {"x": [0.34], "y": [1]}, "o": {"x": [0.33], "y": [0]}, "s": [{"c": true, "i": [[0, -19.516], [13.393, 0], [0, 19.516], [-13.393, 0]], "o": [[0, 19.516], [-13.393, 0], [0, -19.516], [13.393, 0]], "v": [[-38.523, 9.822], [-63.783, 45.158], [-89.044, 9.822], [-63.783, -25.514]]}]}, {"t": 26, "i": {"x": [0.34], "y": [1]}, "o": {"x": [0.33], "y": [0]}, "s": [{"c": true, "i": [[0, -10.354], [13.393, 0], [0, 4.146], [-13.393, 0]], "o": [[0, 6.771], [-13.393, 0], [0, -11.604], [13.393, 0]], "v": [[-38.545, 7.822], [-63.816, 19.658], [-89.088, 8.322], [-63.816, 13.986]]}]}, {"t": 34, "i": {"x": [0.833], "y": [1]}, "o": {"x": [0.167], "y": [0]}, "s": [{"c": true, "i": [[0, -19.516], [13.393, 0], [0, 19.516], [-13.393, 0]], "o": [[0, 19.516], [-13.393, 0], [0, -19.516], [13.393, 0]], "v": [[-38.523, 9.822], [-63.783, 45.158], [-89.044, 9.822], [-63.783, -25.514]]}]}, {"t": 80, "i": {"x": [0.34], "y": [1]}, "o": {"x": [0.33], "y": [0]}, "s": [{"c": true, "i": [[0, -19.516], [13.393, 0], [0, 19.516], [-13.393, 0]], "o": [[0, 19.516], [-13.393, 0], [0, -19.516], [13.393, 0]], "v": [[-38.523, 9.822], [-63.783, 45.158], [-89.044, 9.822], [-63.783, -25.514]]}]}, {"t": 87, "i": {"x": [0.34], "y": [1]}, "o": {"x": [0.33], "y": [0]}, "s": [{"c": true, "i": [[0, -10.354], [13.393, 0], [0, 4.146], [-13.393, 0]], "o": [[0, 6.771], [-13.393, 0], [0, -11.604], [13.393, 0]], "v": [[-38.545, 7.822], [-63.816, 19.658], [-89.088, 8.322], [-63.816, 13.986]]}]}, {"t": 95, "i": {"x": [0.833], "y": [1]}, "o": {"x": [0.167], "y": [0]}, "s": [{"c": true, "i": [[0, -19.516], [13.393, 0], [0, 19.516], [-13.393, 0]], "o": [[0, 19.516], [-13.393, 0], [0, -19.516], [13.393, 0]], "v": [[-38.523, 9.822], [-63.783, 45.158], [-89.044, 9.822], [-63.783, -25.514]]}]}, {"t": 141, "i": {"x": [0.34], "y": [1]}, "o": {"x": [0.33], "y": [0]}, "s": [{"c": true, "i": [[0, -19.516], [13.393, 0], [0, 19.516], [-13.393, 0]], "o": [[0, 19.516], [-13.393, 0], [0, -19.516], [13.393, 0]], "v": [[-38.523, 9.822], [-63.783, 45.158], [-89.044, 9.822], [-63.783, -25.514]]}]}, {"t": 148, "i": {"x": [0.34], "y": [1]}, "o": {"x": [0.33], "y": [0]}, "s": [{"c": true, "i": [[0, -10.354], [13.393, 0], [0, 4.146], [-13.393, 0]], "o": [[0, 6.771], [-13.393, 0], [0, -11.604], [13.393, 0]], "v": [[-38.545, 7.822], [-63.816, 19.658], [-89.088, 8.322], [-63.816, 13.986]]}]}, {"t": 162, "s": [{"c": true, "i": [[0, -19.516], [13.393, 0], [0, 19.516], [-13.393, 0]], "o": [[0, 19.516], [-13.393, 0], [0, -19.516], [13.393, 0]], "v": [[-38.523, 9.822], [-63.783, 45.158], [-89.044, 9.822], [-63.783, -25.514]]}]}], "a": 1}}, {"hd": false, "ty": "fl", "o": {"k": 100, "a": 0}, "c": {"k": [0.859, 0.749, 0.592, 1], "a": 0}}, {"ty": "tr", "a": {"k": [0, 0], "a": 0}, "p": {"k": [0, 0], "a": 0}, "s": {"k": [100, 100], "a": 0}, "r": {"k": 0, "a": 0}, "o": {"k": 100, "a": 0}, "sk": {"k": 0, "a": 0}, "sa": {"k": 0, "a": 0}}]}]}, {"ty": 4, "ks": {"a": {"k": [5.883, 50.25, 0], "a": 0}, "p": {"a": 1, "k": [{"t": 19, "i": {"x": [0.34], "y": [1]}, "o": {"x": [0.33], "y": [0]}, "s": [5.883, 50.25, 0], "ti": [0, 0, 0], "to": [0, 0, 0]}, {"t": 50, "i": {"x": [0.34], "y": [0.34]}, "o": {"x": [0.33], "y": [0.33]}, "s": [7.988, 50.25, 0], "ti": [0, 0, 0], "to": [0, 0, 0]}, {"t": 80, "i": {"x": [0.12], "y": [1]}, "o": {"x": [0.33], "y": [0]}, "s": [7.988, 50.25, 0], "ti": [0, 0, 0], "to": [0, 0, 0]}, {"t": 120, "i": {"x": [0.34], "y": [0.34]}, "o": {"x": [0.33], "y": [0.33]}, "s": [2.725, 50.25, 0], "ti": [0, 0, 0], "to": [0, 0, 0]}, {"t": 140, "i": {"x": [0.34], "y": [1]}, "o": {"x": [0.33], "y": [0]}, "s": [2.725, 50.25, 0], "ti": [0, 0, 0], "to": [0, 0, 0]}, {"t": 170, "s": [5.883, 50.25, 0]}]}}, "ao": 0, "bm": 0, "ddd": 0, "ind": 5, "ip": 0, "op": 180, "st": 0, "sr": 1, "parent": 2, "shapes": [{"hd": false, "ty": "gr", "it": [{"hd": false, "ty": "gr", "it": [{"hd": false, "ty": "sh", "ks": {"k": {"c": true, "i": [[2.511, -4.918], [0.213, -0.942], [-3.744, -1.911], [2.476, -4.893], [-0.478, 0.936], [3.948, 2.016]], "o": [[-0.469, 0.919], [2.519, -4.85], [3.744, 1.911], [0.643, -0.734], [2.511, -4.918], [-3.948, -2.016]], "v": [[13.327, 44.758], [12.3, 47.57], [24.125, 43.208], [25.922, 54.567], [27.623, 52.056], [25.019, 39.507]]}, "a": 0}}, {"hd": false, "ty": "fl", "o": {"k": 100, "a": 0}, "c": {"k": [0.212, 0.086, 0.035, 1], "a": 0}}, {"ty": "tr", "a": {"k": [0, 0], "a": 0}, "p": {"k": [0, 0], "a": 0}, "s": {"k": [100, 100], "a": 0}, "r": {"k": 0, "a": 0}, "o": {"k": 100, "a": 0}, "sk": {"k": 0, "a": 0}, "sa": {"k": 0, "a": 0}}]}, {"hd": false, "ty": "gr", "it": [{"hd": false, "ty": "sh", "ks": {"k": {"c": true, "i": [[2.509, -4.914], [-3.948, -2.015], [-2.509, 4.914], [3.948, 2.015]], "o": [[-2.509, 4.914], [3.948, 2.015], [2.509, -4.914], [-3.948, -2.015]], "v": [[13.326, 44.758], [15.931, 57.305], [27.621, 52.056], [25.016, 39.509]]}, "a": 0}}, {"hd": false, "ty": "fl", "o": {"k": 100, "a": 0}, "c": {"k": [0.404, 0.267, 0.188, 1], "a": 0}}, {"ty": "tr", "a": {"k": [0, 0], "a": 0}, "p": {"k": [0, 0], "a": 0}, "s": {"k": [100, 100], "a": 0}, "r": {"k": 0, "a": 0}, "o": {"k": 100, "a": 0}, "sk": {"k": 0, "a": 0}, "sa": {"k": 0, "a": 0}}]}, {"hd": false, "ty": "gr", "it": [{"hd": false, "ty": "sh", "ks": {"k": {"c": true, "i": [[3.93, -7.699], [-3.948, -2.015], [-2.812, 4.747], [3.948, 2.015]], "o": [[-2.509, 4.914], [3.948, 2.015], [4.225, -7.134], [-3.948, -2.015]], "v": [[12.111, 46.986], [15.567, 59.968], [27.169, 55.043], [25.661, 40.199]]}, "a": 0}}, {"hd": false, "ty": "fl", "o": {"k": 100, "a": 0}, "c": {"k": [0.941, 0.847, 0.706, 1], "a": 0}}, {"ty": "tr", "a": {"k": [0, 0], "a": 0}, "p": {"k": [0, 0], "a": 0}, "s": {"k": [100, 100], "a": 0}, "r": {"k": 0, "a": 0}, "o": {"k": 100, "a": 0}, "sk": {"k": 0, "a": 0}, "sa": {"k": 0, "a": 0}}]}, {"ty": "tr", "a": {"k": [0, 0], "a": 0}, "p": {"k": [0, 0], "a": 0}, "s": {"k": [100, 100], "a": 0}, "r": {"k": 0, "a": 0}, "o": {"k": 100, "a": 0}, "sk": {"k": 0, "a": 0}, "sa": {"k": 0, "a": 0}}]}, {"hd": false, "ty": "gr", "it": [{"hd": false, "ty": "gr", "it": [{"hd": false, "ty": "sh", "ks": {"k": {"c": true, "i": [[-2.511, -4.918], [-0.213, -0.942], [3.744, -1.911], [-2.476, -4.893], [0.478, 0.936], [-3.948, 2.016]], "o": [[0.469, 0.919], [-2.519, -4.85], [-3.744, 1.911], [-0.643, -0.734], [-2.511, -4.918], [3.948, -2.016]], "v": [[-1.485, 44.758], [-0.457, 47.57], [-12.282, 43.208], [-14.08, 54.567], [-15.78, 52.056], [-13.177, 39.507]]}, "a": 0}}, {"hd": false, "ty": "fl", "o": {"k": 100, "a": 0}, "c": {"k": [0.212, 0.086, 0.035, 1], "a": 0}}, {"ty": "tr", "a": {"k": [0, 0], "a": 0}, "p": {"k": [0, 0], "a": 0}, "s": {"k": [100, 100], "a": 0}, "r": {"k": 0, "a": 0}, "o": {"k": 100, "a": 0}, "sk": {"k": 0, "a": 0}, "sa": {"k": 0, "a": 0}}]}, {"hd": false, "ty": "gr", "it": [{"hd": false, "ty": "sh", "ks": {"k": {"c": true, "i": [[-2.509, -4.914], [3.948, -2.015], [2.509, 4.914], [-3.948, 2.015]], "o": [[2.509, 4.914], [-3.948, 2.015], [-2.509, -4.914], [3.948, -2.015]], "v": [[-1.484, 44.758], [-4.089, 57.305], [-15.779, 52.056], [-13.174, 39.509]]}, "a": 0}}, {"hd": false, "ty": "fl", "o": {"k": 100, "a": 0}, "c": {"k": [0.404, 0.267, 0.188, 1], "a": 0}}, {"ty": "tr", "a": {"k": [0, 0], "a": 0}, "p": {"k": [0, 0], "a": 0}, "s": {"k": [100, 100], "a": 0}, "r": {"k": 0, "a": 0}, "o": {"k": 100, "a": 0}, "sk": {"k": 0, "a": 0}, "sa": {"k": 0, "a": 0}}]}, {"hd": false, "ty": "gr", "it": [{"hd": false, "ty": "sh", "ks": {"k": {"c": true, "i": [[-3.93, -7.699], [3.948, -2.015], [2.812, 4.747], [-3.948, 2.015]], "o": [[2.509, 4.914], [-3.948, 2.015], [-4.225, -7.134], [3.948, -2.015]], "v": [[-0.269, 46.986], [-3.725, 59.968], [-15.327, 55.043], [-13.818, 40.199]]}, "a": 0}}, {"hd": false, "ty": "fl", "o": {"k": 100, "a": 0}, "c": {"k": [0.941, 0.847, 0.706, 1], "a": 0}}, {"ty": "tr", "a": {"k": [0, 0], "a": 0}, "p": {"k": [0, 0], "a": 0}, "s": {"k": [100, 100], "a": 0}, "r": {"k": 0, "a": 0}, "o": {"k": 100, "a": 0}, "sk": {"k": 0, "a": 0}, "sa": {"k": 0, "a": 0}}]}, {"ty": "tr", "a": {"k": [0, 0], "a": 0}, "p": {"k": [0, 0], "a": 0}, "s": {"k": [100, 100], "a": 0}, "r": {"k": 0, "a": 0}, "o": {"k": 100, "a": 0}, "sk": {"k": 0, "a": 0}, "sa": {"k": 0, "a": 0}}]}, {"hd": false, "ty": "gr", "it": [{"hd": false, "ty": "sh", "ks": {"k": {"c": true, "i": [[11.287, 0.292], [3.048, -1.351], [3.153, 1.398], [3.628, -0.094], [-0.105, -10.467], [-29.829, 0], [-0.445, 8.16]], "o": [[-3.628, -0.094], [-3.153, 1.398], [-3.048, -1.351], [-11.287, 0.292], [0.079, 7.902], [29.532, 0], [0.569, -10.452]], "v": [[23.934, 29.849], [11.849, 32.814], [-0.121, 32.814], [-12.206, 29.849], [-28.625, 47.042], [5.864, 70.656], [40.353, 47.042]]}, "a": 0}}, {"hd": false, "ty": "fl", "o": {"k": 100, "a": 0}, "c": {"k": [0.859, 0.749, 0.592, 1], "a": 0}}, {"ty": "tr", "a": {"k": [0, 0], "a": 0}, "p": {"k": [0, 0], "a": 0}, "s": {"k": [100, 100], "a": 0}, "r": {"k": 0, "a": 0}, "o": {"k": 100, "a": 0}, "sk": {"k": 0, "a": 0}, "sa": {"k": 0, "a": 0}}]}]}, {"ty": 4, "ks": {"a": {"k": [5.864, 107.189, 0], "a": 0}, "p": {"k": [5.864, 107.189, 0], "a": 0}}, "ao": 0, "bm": 0, "ddd": 0, "ind": 6, "ip": 0, "op": 180, "st": 0, "sr": 1, "parent": 2, "shapes": [{"hd": false, "ty": "gr", "it": [{"hd": false, "ty": "sh", "ks": {"k": {"c": true, "i": [[1.188, -2.439], [0.921, 0.417], [6.452, 0.59], [6.878, 0], [2.613, -0.213], [1.434, -0.652], [-0.372, -1.404], [-1.391, 0.611], [-6.645, 0.566], [-7.086, 0], [-2.685, -0.256], [-1.475, -0.645]], "o": [[0.378, -1.404], [-1.435, -0.65], [-2.605, -0.238], [-6.884, 0], [-6.452, 0.525], [-0.92, 0.418], [-1.188, -2.439], [1.479, -0.65], [2.688, -0.229], [7.086, 0], [6.639, 0.632], [1.396, 0.611]], "v": [[34.087, 94.056], [33.413, 91.171], [21.553, 89.807], [5.926, 89.257], [-9.991, 89.703], [-21.919, 91.171], [-22.598, 94.051], [-22.751, 89.003], [-10.911, 87.679], [5.926, 87.083], [22.498, 87.794], [34.24, 89.003]]}, "a": 0}}, {"hd": false, "ty": "fl", "o": {"k": 100, "a": 0}, "c": {"k": [0.016, 0, 0.004, 1], "a": 0}}, {"ty": "tr", "a": {"k": [0, 0], "a": 0}, "p": {"k": [0, 0], "a": 0}, "s": {"k": [100, 100], "a": 0}, "r": {"k": 0, "a": 0}, "o": {"k": 100, "a": 0}, "sk": {"k": 0, "a": 0}, "sa": {"k": 0, "a": 0}}]}, {"hd": false, "ty": "gr", "it": [{"hd": false, "ty": "sh", "ks": {"k": {"c": true, "i": [[0.676, 0], [6.173, 0], [4.992, 3.171], [-1.401, 0], [0, 0], [-6.229, -1.128]], "o": [[-4.927, 3.051], [-6.347, 0], [-0.236, 0], [6.404, 0], [0, 0], [1.339, 0.243]], "v": [[23.022, 105.559], [5.744, 111.007], [-11.941, 105.116], [-8.151, 106.691], [5.555, 107.59], [19.484, 106.941]]}, "a": 0}}, {"hd": false, "ty": "fl", "o": {"k": 100, "a": 0}, "c": {"k": [0.698, 0.275, 0.376, 1], "a": 0}}, {"ty": "tr", "a": {"k": [0, 0], "a": 0}, "p": {"k": [0, 0], "a": 0}, "s": {"k": [100, 100], "a": 0}, "r": {"k": 0, "a": 0}, "o": {"k": 100, "a": 0}, "sk": {"k": 0, "a": 0}, "sa": {"k": 0, "a": 0}}]}, {"hd": false, "ty": "gr", "it": [{"hd": false, "ty": "sh", "ks": {"k": {"c": true, "i": [[2, 0.88], [6.637, 0.633], [7.087, 0], [2.687, -0.229], [1.475, -0.649], [-2.5, -3.795], [-11.418, 0], [-3.544, 5.379]], "o": [[-1.475, -0.649], [-2.684, -0.256], [-7.087, 0], [-6.643, 0.567], [-2, 0.88], [3.544, 5.379], [11.418, 0], [2.5, -3.795]], "v": [[34.242, 89.001], [22.499, 87.793], [5.925, 87.084], [-10.913, 87.679], [-22.749, 89.001], [-20.634, 97.431], [5.746, 111.004], [32.127, 97.431]]}, "a": 0}}, {"hd": false, "ty": "fl", "o": {"k": 100, "a": 0}, "c": {"k": [0.247, 0.039, 0.141, 1], "a": 0}}, {"ty": "tr", "a": {"k": [0, 0], "a": 0}, "p": {"k": [0, 0], "a": 0}, "s": {"k": [100, 100], "a": 0}, "r": {"k": 0, "a": 0}, "o": {"k": 100, "a": 0}, "sk": {"k": 0, "a": 0}, "sa": {"k": 0, "a": 0}}]}, {"hd": false, "ty": "gr", "it": [{"hd": false, "ty": "sh", "ks": {"k": {"c": true, "i": [[3.188, 0.413], [6.882, 0.687], [7.357, 0], [2.786, -0.25], [1.597, -0.464], [-2.595, -3.795], [-11.852, 0], [-3.679, 5.379]], "o": [[-1.648, -0.214], [-2.783, -0.278], [-7.357, 0], [-6.889, 0.618], [-3.048, 0.885], [3.678, 5.379], [11.852, 0], [2.595, -3.795]], "v": [[34.242, 89.001], [22.653, 90.081], [5.925, 89.286], [-11.089, 89.965], [-22.749, 89.001], [-21.823, 100.948], [5.733, 115.682], [33.554, 101.21]]}, "a": 0}}, {"hd": false, "ty": "fl", "o": {"k": 100, "a": 0}, "c": {"k": [1, 0.957, 0.914, 1], "a": 0}}, {"ty": "tr", "a": {"k": [0, 0], "a": 0}, "p": {"k": [0, 0], "a": 0}, "s": {"k": [100, 100], "a": 0}, "r": {"k": 0, "a": 0}, "o": {"k": 100, "a": 0}, "sk": {"k": 0, "a": 0}, "sa": {"k": 0, "a": 0}}]}, {"hd": false, "ty": "gr", "it": [{"hd": false, "ty": "gr", "it": [{"hd": false, "ty": "sh", "ks": {"k": {"c": true, "i": [[2, 0.88], [6.637, 0.633], [7.087, 0], [2.687, -0.229], [1.475, -0.649], [-2.5, -3.795], [-11.418, 0], [-3.544, 5.379]], "o": [[-1.475, -0.649], [-2.684, -0.256], [-7.087, 0], [-6.643, 0.567], [-2, 0.88], [3.544, 5.379], [11.418, 0], [2.5, -3.795]], "v": [[35.881, 85.862], [23.167, 84.726], [5.922, 83.945], [-11.558, 84.606], [-24.395, 85.862], [-22.277, 95.229], [5.746, 108.802], [33.769, 95.229]]}, "a": 0}}, {"hd": false, "ty": "fl", "o": {"k": 100, "a": 0}, "c": {"k": [0.859, 0.749, 0.592, 1], "a": 0}}, {"ty": "tr", "a": {"k": [0, 0], "a": 0}, "p": {"k": [0, 0], "a": 0}, "s": {"k": [100, 100], "a": 0}, "r": {"k": 0, "a": 0}, "o": {"k": 100, "a": 0}, "sk": {"k": 0, "a": 0}, "sa": {"k": 0, "a": 0}}]}, {"ty": "tr", "a": {"k": [0, 0], "a": 0}, "p": {"k": [0, 0], "a": 0}, "s": {"k": [100, 100], "a": 0}, "r": {"k": 0, "a": 0}, "o": {"k": 100, "a": 0}, "sk": {"k": 0, "a": 0}, "sa": {"k": 0, "a": 0}}]}]}, {"ty": 4, "ks": {"a": {"k": [5.303, 144.067, 0], "a": 0}, "p": {"k": [5.303, 144.067, 0], "a": 0}, "r": {"k": [{"t": 0, "i": {"x": [0.12], "y": [1]}, "o": {"x": [0.33], "y": [0]}, "s": [0]}, {"t": 19, "i": {"x": [0.12], "y": [1]}, "o": {"x": [0.33], "y": [0]}, "s": [0]}, {"t": 64, "i": {"x": [0.12], "y": [1]}, "o": {"x": [0.167], "y": [0]}, "s": [4]}, {"t": 80, "i": {"x": [0.12], "y": [1]}, "o": {"x": [0.167], "y": [0]}, "s": [4]}, {"t": 131, "i": {"x": [0.12], "y": [1]}, "o": {"x": [0.33], "y": [0]}, "s": [-4]}, {"t": 140, "i": {"x": [0.12], "y": [1]}, "o": {"x": [0.33], "y": [0]}, "s": [-4]}, {"t": 179, "s": [0]}], "a": 1}}, "ao": 0, "bm": 0, "ddd": 0, "ind": 7, "ip": 0, "op": 180, "st": 0, "sr": 1, "parent": 1, "shapes": [{"hd": false, "ty": "gr", "it": [{"hd": false, "ty": "sh", "ks": {"k": [{"t": 19, "i": {"x": [0.34], "y": [1]}, "o": {"x": [0.33], "y": [0]}, "s": [{"c": false, "i": [[0, 0], [-10.992, -6.96], [0, 0], [-16.976, 11.779], [-18.657, 4.78]], "o": [[17.211, 5.126], [18.61, 11.782], [0, 0], [10.182, -7.065], [0, 0]], "v": [[-70.986, 150.908], [-27.847, 165.744], [5.303, 176.601], [37.654, 165.544], [81.313, 150.908]]}]}, {"t": 50, "i": {"x": [0.34], "y": [1]}, "o": {"x": [0.33], "y": [0]}, "s": [{"c": false, "i": [[0, 0], [-10.992, -6.96], [0, 0], [-16.976, 11.779], [-18.657, 4.78]], "o": [[17.211, 5.126], [18.61, 11.782], [0, 0], [10.182, -7.065], [0, 0]], "v": [[-60.506, 152.75], [-12.321, 165.834], [22.145, 176.622], [53.18, 165.633], [91.839, 148.276]]}]}, {"t": 80, "i": {"x": [0.12], "y": [1]}, "o": {"x": [0.33], "y": [0]}, "s": [{"c": false, "i": [[0, 0], [-10.992, -6.96], [0, 0], [-16.976, 11.779], [-18.657, 4.78]], "o": [[17.211, 5.126], [18.61, 11.782], [0, 0], [10.182, -7.065], [0, 0]], "v": [[-60.506, 152.75], [-12.321, 165.834], [22.145, 176.622], [53.18, 165.633], [91.839, 148.276]]}]}, {"t": 120, "i": {"x": [0.34], "y": [1]}, "o": {"x": [0.33], "y": [0]}, "s": [{"c": false, "i": [[0, 0], [-10.992, -6.96], [0, 0], [-16.975, 11.779], [-18.657, 4.78]], "o": [[17.211, 5.126], [18.61, 11.782], [0, 0], [10.182, -7.065], [0, 0]], "v": [[-83.88, 147.487], [-39.426, 165.744], [-6.276, 176.601], [26.075, 165.544], [69.208, 153.539]]}]}, {"t": 140, "i": {"x": [0.34], "y": [1]}, "o": {"x": [0.33], "y": [0]}, "s": [{"c": false, "i": [[0, 0], [-10.992, -6.96], [0, 0], [-16.975, 11.779], [-18.657, 4.78]], "o": [[17.211, 5.126], [18.61, 11.782], [0, 0], [10.182, -7.065], [0, 0]], "v": [[-83.88, 147.487], [-39.426, 165.744], [-6.276, 176.601], [26.075, 165.544], [69.208, 153.539]]}]}, {"t": 170, "s": [{"c": false, "i": [[0, 0], [-10.992, -6.96], [0, 0], [-16.976, 11.779], [-18.657, 4.78]], "o": [[17.211, 5.126], [18.61, 11.782], [0, 0], [10.182, -7.065], [0, 0]], "v": [[-70.986, 150.908], [-27.847, 165.744], [5.303, 176.601], [37.654, 165.544], [81.313, 150.908]]}]}], "a": 1}}, {"hd": false, "ty": "st", "lc": 2, "lj": 2, "o": {"k": 100, "a": 0}, "w": {"k": 8, "a": 0}, "c": {"k": [0.698, 0.584, 0.447, 1], "a": 0}}, {"ty": "tr", "a": {"k": [0, 0], "a": 0}, "p": {"k": [0, 0], "a": 0}, "s": {"k": [100, 100], "a": 0}, "r": {"k": 0, "a": 0}, "o": {"k": 100, "a": 0}, "sk": {"k": 0, "a": 0}, "sa": {"k": 0, "a": 0}}]}, {"hd": false, "ty": "gr", "it": [{"hd": false, "ty": "sh", "ks": {"k": [{"t": 19, "i": {"x": [0.34], "y": [1]}, "o": {"x": [0.33], "y": [0]}, "s": [{"c": true, "i": [[-24.85, 4.01], [2.81, -4.07], [4.9, -0.67], [10.74, -7.45], [0, 0], [16.98, 11.78], [7.38, 1.01], [3.407, 3.585], [1.57, 5.1], [-14.42, -8.27], [-8.4, 5.66]], "o": [[-1.671, 6.6], [-2.81, 4.07], [-7.38, 1.01], [-16.97, 11.78], [0, 0], [-10.73, -7.45], [-4.9, -0.67], [-3.841, -4.041], [12.31, 3.41], [17.93, 10.29], [7.89, -5.32]], "v": [[91.856, 131.627], [83.799, 149.584], [68.549, 154.317], [37.649, 165.547], [5.299, 176.597], [-27.051, 165.547], [-57.941, 154.317], [-72.457, 150.111], [-81.201, 131.67], [-17.101, 154.037], [28.949, 154.037]]}]}, {"t": 50, "i": {"x": [0.34], "y": [1]}, "o": {"x": [0.33], "y": [0]}, "s": [{"c": true, "i": [[-23.435, 7.584], [2.81, -4.07], [4.9, -0.67], [10.74, -7.45], [0, 0], [16.98, 11.78], [7.38, 1.01], [3.407, 3.585], [1.57, 5.1], [-14.42, -8.27], [-8.4, 5.66]], "o": [[-1.671, 6.6], [-2.81, 4.07], [-7.38, 1.01], [-16.97, 11.78], [0, 0], [-10.73, -7.45], [-4.9, -0.67], [-3.841, -4.041], [12.31, 3.41], [17.93, 10.29], [7.89, -5.32]], "v": [[102.382, 127.68], [94.325, 146.952], [79.076, 151.685], [53.175, 165.636], [22.141, 176.619], [-11.525, 165.636], [-47.461, 156.159], [-61.977, 151.953], [-70.56, 134.828], [-1.575, 154.126], [44.475, 154.126]]}]}, {"t": 80, "i": {"x": [0.12], "y": [1]}, "o": {"x": [0.33], "y": [0]}, "s": [{"c": true, "i": [[-23.435, 7.584], [2.81, -4.07], [4.9, -0.67], [10.74, -7.45], [0, 0], [16.98, 11.78], [7.38, 1.01], [3.407, 3.585], [1.57, 5.1], [-14.42, -8.27], [-8.4, 5.66]], "o": [[-1.671, 6.6], [-2.81, 4.07], [-7.38, 1.01], [-16.97, 11.78], [0, 0], [-10.73, -7.45], [-4.9, -0.67], [-3.841, -4.041], [12.31, 3.41], [17.93, 10.29], [7.89, -5.32]], "v": [[102.382, 127.68], [94.325, 146.952], [79.076, 151.685], [53.175, 165.636], [22.141, 176.619], [-11.525, 165.636], [-47.461, 156.159], [-61.977, 151.953], [-70.56, 134.828], [-1.575, 154.126], [44.475, 154.126]]}]}, {"t": 120, "i": {"x": [0.34], "y": [1]}, "o": {"x": [0.33], "y": [0]}, "s": [{"c": true, "i": [[-24.85, 4.01], [2.81, -4.07], [4.9, -0.67], [10.74, -7.45], [0, 0], [16.98, 11.78], [7.38, 1.01], [3.407, 3.585], [1.57, 5.1], [-14.42, -8.27], [-8.4, 5.66]], "o": [[-1.671, 6.6], [-2.81, 4.07], [-7.38, 1.01], [-16.97, 11.78], [0, 0], [-10.73, -7.45], [-4.9, -0.67], [-3.841, -4.041], [12.31, 3.41], [17.93, 10.29], [7.89, -5.32]], "v": [[79.619, 135.574], [71.694, 152.216], [56.444, 156.948], [26.07, 165.547], [-6.28, 176.597], [-38.63, 165.547], [-69.783, 149.843], [-85.352, 146.69], [-93.043, 127.196], [-28.68, 154.037], [17.37, 154.037]]}]}, {"t": 140, "i": {"x": [0.34], "y": [1]}, "o": {"x": [0.33], "y": [0]}, "s": [{"c": true, "i": [[-24.85, 4.01], [2.81, -4.07], [4.9, -0.67], [10.74, -7.45], [0, 0], [16.98, 11.78], [7.38, 1.01], [3.407, 3.585], [1.57, 5.1], [-14.42, -8.27], [-8.4, 5.66]], "o": [[-1.671, 6.6], [-2.81, 4.07], [-7.38, 1.01], [-16.97, 11.78], [0, 0], [-10.73, -7.45], [-4.9, -0.67], [-3.841, -4.041], [12.31, 3.41], [17.93, 10.29], [7.89, -5.32]], "v": [[79.619, 135.574], [71.694, 152.216], [56.444, 156.948], [26.07, 165.547], [-6.28, 176.597], [-38.63, 165.547], [-69.783, 149.843], [-85.352, 146.69], [-93.043, 127.196], [-28.68, 154.037], [17.37, 154.037]]}]}, {"t": 170, "s": [{"c": true, "i": [[-24.85, 4.01], [2.81, -4.07], [4.9, -0.67], [10.74, -7.45], [0, 0], [16.98, 11.78], [7.38, 1.01], [3.407, 3.585], [1.57, 5.1], [-14.42, -8.27], [-8.4, 5.66]], "o": [[-1.671, 6.6], [-2.81, 4.07], [-7.38, 1.01], [-16.97, 11.78], [0, 0], [-10.73, -7.45], [-4.9, -0.67], [-3.841, -4.041], [12.31, 3.41], [17.93, 10.29], [7.89, -5.32]], "v": [[91.856, 131.627], [83.799, 149.584], [68.549, 154.317], [37.649, 165.547], [5.299, 176.597], [-27.051, 165.547], [-57.941, 154.317], [-72.457, 150.111], [-81.201, 131.67], [-17.101, 154.037], [28.949, 154.037]]}]}], "a": 1}}, {"hd": false, "ty": "fl", "o": {"k": 100, "a": 0}, "c": {"k": [0.62, 0.463, 0.239, 1], "a": 0}}, {"ty": "tr", "a": {"k": [0, 0], "a": 0}, "p": {"k": [0, 0], "a": 0}, "s": {"k": [100, 100], "a": 0}, "r": {"k": 0, "a": 0}, "o": {"k": 11, "a": 0}, "sk": {"k": 0, "a": 0}, "sa": {"k": 0, "a": 0}}]}, {"hd": false, "ty": "gr", "it": [{"hd": false, "ty": "sh", "ks": {"k": [{"t": 19, "i": {"x": [0.34], "y": [1]}, "o": {"x": [0.33], "y": [0]}, "s": [{"c": true, "i": [[51.445, 12.472], [11.245, -13.381], [2.922, 3.477], [38.8, -9.406], [-5.196, -23.384], [-28.607, -10.289], [0.785, -3.583], [-16.2, -23.457], [-4.902, -0.674], [-10.738, -7.451], [0, 0], [-16.975, 11.779], [-7.382, 1.015], [-2.812, 4.072], [3.47, 15.845], [-3.452, 1.242], [-4.853, 21.841]], "o": [[-38.801, -9.406], [-2.922, 3.477], [-11.245, -13.381], [-51.445, 12.472], [4.854, 21.841], [3.452, 1.242], [-3.47, 15.845], [2.812, 4.072], [7.382, 1.015], [16.975, 11.779], [0, 0], [10.737, -7.451], [4.902, -0.674], [16.2, -23.457], [-0.785, -3.583], [28.607, -10.289], [5.197, -23.384]], "v": [[88.579, -75.949], [10.891, -45.909], [-0.285, -45.909], [-77.973, -75.949], [-132.017, 4.597], [-80.556, 57.662], [-75.875, 66.071], [-70.075, 146.877], [-57.943, 154.316], [-27.048, 165.544], [5.303, 176.601], [37.654, 165.544], [68.548, 153.316], [80.68, 146.877], [86.481, 66.071], [91.162, 57.662], [142.623, 4.597]]}]}, {"t": 50, "i": {"x": [0.34], "y": [1]}, "o": {"x": [0.33], "y": [0]}, "s": [{"c": true, "i": [[51.445, 12.472], [11.245, -13.381], [2.922, 3.477], [38.8, -9.406], [-5.196, -23.384], [-28.607, -10.289], [0.785, -3.583], [-16.2, -23.457], [-4.902, -0.674], [-10.738, -7.451], [0, 0], [-16.975, 11.779], [-7.382, 1.015], [-2.812, 4.072], [3.47, 15.845], [-3.452, 1.242], [-4.853, 21.841]], "o": [[-38.801, -9.406], [-2.922, 3.477], [-11.245, -13.381], [-51.445, 12.472], [4.854, 21.841], [3.452, 1.242], [-3.47, 15.845], [2.812, 4.072], [7.382, 1.015], [16.975, 11.779], [0, 0], [10.737, -7.451], [4.902, -0.674], [16.2, -23.457], [-0.785, -3.583], [28.607, -10.289], [5.197, -23.384]], "v": [[99.106, -75.949], [21.417, -45.909], [10.242, -45.909], [-67.447, -75.949], [-121.491, 4.597], [-70.03, 57.662], [-65.348, 66.071], [-59.548, 146.877], [-47.463, 156.159], [-11.521, 165.633], [22.145, 176.622], [53.18, 165.633], [79.075, 150.685], [91.207, 144.245], [97.007, 66.071], [101.688, 57.662], [153.149, 4.597]]}]}, {"t": 80, "i": {"x": [0.12], "y": [1]}, "o": {"x": [0.33], "y": [0]}, "s": [{"c": true, "i": [[51.445, 12.472], [11.245, -13.381], [2.922, 3.477], [38.8, -9.406], [-5.196, -23.384], [-28.607, -10.289], [0.785, -3.583], [-16.2, -23.457], [-4.902, -0.674], [-10.738, -7.451], [0, 0], [-16.975, 11.779], [-7.382, 1.015], [-2.812, 4.072], [3.47, 15.845], [-3.452, 1.242], [-4.853, 21.841]], "o": [[-38.801, -9.406], [-2.922, 3.477], [-11.245, -13.381], [-51.445, 12.472], [4.854, 21.841], [3.452, 1.242], [-3.47, 15.845], [2.812, 4.072], [7.382, 1.015], [16.975, 11.779], [0, 0], [10.737, -7.451], [4.902, -0.674], [16.2, -23.457], [-0.785, -3.583], [28.607, -10.289], [5.197, -23.384]], "v": [[99.106, -75.949], [21.417, -45.909], [10.242, -45.909], [-67.447, -75.949], [-121.491, 4.597], [-70.03, 57.662], [-65.348, 66.071], [-59.548, 146.877], [-47.463, 156.159], [-11.521, 165.633], [22.145, 176.622], [53.18, 165.633], [79.075, 150.685], [91.207, 144.245], [97.007, 66.071], [101.688, 57.662], [153.149, 4.597]]}]}, {"t": 120, "i": {"x": [0.34], "y": [1]}, "o": {"x": [0.33], "y": [0]}, "s": [{"c": true, "i": [[51.445, 12.472], [11.245, -13.381], [2.922, 3.477], [38.8, -9.406], [-5.196, -23.384], [-28.607, -10.289], [0.785, -3.583], [-16.2, -23.457], [-4.902, -0.674], [-10.738, -7.451], [0, 0], [-16.975, 11.779], [-7.382, 1.015], [-2.812, 4.072], [3.47, 15.845], [-3.452, 1.242], [-4.853, 21.841]], "o": [[-38.801, -9.406], [-2.922, 3.477], [-11.245, -13.381], [-51.445, 12.472], [4.854, 21.841], [3.452, 1.242], [-3.47, 15.845], [2.812, 4.072], [7.382, 1.015], [16.975, 11.779], [0, 0], [10.737, -7.451], [4.902, -0.674], [16.2, -23.457], [-0.785, -3.583], [28.607, -10.289], [5.197, -23.384]], "v": [[77.001, -75.949], [-0.688, -45.909], [-11.864, -45.909], [-89.552, -75.949], [-143.596, 4.597], [-92.135, 57.662], [-87.454, 66.071], [-82.969, 143.456], [-69.785, 149.843], [-38.627, 165.544], [-6.276, 176.601], [26.075, 165.544], [56.443, 155.948], [68.575, 149.508], [74.902, 66.071], [79.583, 57.662], [131.044, 4.597]]}]}, {"t": 140, "i": {"x": [0.34], "y": [1]}, "o": {"x": [0.33], "y": [0]}, "s": [{"c": true, "i": [[51.445, 12.472], [11.245, -13.381], [2.922, 3.477], [38.8, -9.406], [-5.196, -23.384], [-28.607, -10.289], [0.785, -3.583], [-16.2, -23.457], [-4.902, -0.674], [-10.738, -7.451], [0, 0], [-16.975, 11.779], [-7.382, 1.015], [-2.812, 4.072], [3.47, 15.845], [-3.452, 1.242], [-4.853, 21.841]], "o": [[-38.801, -9.406], [-2.922, 3.477], [-11.245, -13.381], [-51.445, 12.472], [4.854, 21.841], [3.452, 1.242], [-3.47, 15.845], [2.812, 4.072], [7.382, 1.015], [16.975, 11.779], [0, 0], [10.737, -7.451], [4.902, -0.674], [16.2, -23.457], [-0.785, -3.583], [28.607, -10.289], [5.197, -23.384]], "v": [[77.001, -75.949], [-0.688, -45.909], [-11.864, -45.909], [-89.552, -75.949], [-143.596, 4.597], [-92.135, 57.662], [-87.454, 66.071], [-82.969, 143.456], [-69.785, 149.843], [-38.627, 165.544], [-6.276, 176.601], [26.075, 165.544], [56.443, 155.948], [68.575, 149.508], [74.902, 66.071], [79.583, 57.662], [131.044, 4.597]]}]}, {"t": 170, "s": [{"c": true, "i": [[51.445, 12.472], [11.245, -13.381], [2.922, 3.477], [38.8, -9.406], [-5.196, -23.384], [-28.607, -10.289], [0.785, -3.583], [-16.2, -23.457], [-4.902, -0.674], [-10.738, -7.451], [0, 0], [-16.975, 11.779], [-7.382, 1.015], [-2.812, 4.072], [3.47, 15.845], [-3.452, 1.242], [-4.853, 21.841]], "o": [[-38.801, -9.406], [-2.922, 3.477], [-11.245, -13.381], [-51.445, 12.472], [4.854, 21.841], [3.452, 1.242], [-3.47, 15.845], [2.812, 4.072], [7.382, 1.015], [16.975, 11.779], [0, 0], [10.737, -7.451], [4.902, -0.674], [16.2, -23.457], [-0.785, -3.583], [28.607, -10.289], [5.197, -23.384]], "v": [[88.579, -75.949], [10.891, -45.909], [-0.285, -45.909], [-77.973, -75.949], [-132.017, 4.597], [-80.556, 57.662], [-75.875, 66.071], [-70.075, 146.877], [-57.943, 154.316], [-27.048, 165.544], [5.303, 176.601], [37.654, 165.544], [68.548, 153.316], [80.68, 146.877], [86.481, 66.071], [91.162, 57.662], [142.623, 4.597]]}]}], "a": 1}}, {"hd": false, "ty": "st", "lc": 1, "lj": 1, "ml": 10, "o": {"k": 100, "a": 0}, "w": {"k": 8, "a": 0}, "c": {"k": [0.941, 0.847, 0.702, 1], "a": 0}}, {"ty": "tr", "a": {"k": [0, 0], "a": 0}, "p": {"k": [0, 0], "a": 0}, "s": {"k": [100, 100], "a": 0}, "r": {"k": 0, "a": 0}, "o": {"k": 100, "a": 0}, "sk": {"k": 0, "a": 0}, "sa": {"k": 0, "a": 0}}]}, {"hd": false, "ty": "gr", "it": [{"hd": false, "ty": "sh", "ks": {"k": [{"t": 19, "i": {"x": [0.34], "y": [1]}, "o": {"x": [0.33], "y": [0]}, "s": [{"c": true, "i": [[-6.695, -15.921], [5.747, -3.178], [22.493, 4.591], [6.631, -1.555], [16.983, 8.766], [-3.144, 6.284], [-28.696, 7.38], [-11.25, -13.38], [-2.92, 3.48], [-38.8, -9.4]], "o": [[2.546, 6.053], [-39.7, 21.954], [-6.674, -1.362], [-56.127, 13.163], [-6.244, -3.223], [5.486, -10.965], [38.664, -9.944], [2.92, 3.48], [11.25, -13.38], [26.786, 6.499]], "v": [[134.093, -35.971], [128.458, -19.704], [14.574, -11.647], [-5.621, -11.396], [-116.496, -21.256], [-122.192, -38.41], [-76.315, -72.759], [-0.282, -45.913], [10.887, -45.913], [87.791, -72.245]]}]}, {"t": 50, "i": {"x": [0.34], "y": [1]}, "o": {"x": [0.33], "y": [0]}, "s": [{"c": true, "i": [[-6.695, -15.921], [5.747, -3.178], [22.493, 4.591], [6.631, -1.555], [16.983, 8.766], [-3.144, 6.284], [-28.696, 7.38], [-11.25, -13.38], [-2.92, 3.48], [-38.8, -9.4]], "o": [[2.546, 6.053], [-39.7, 21.954], [-6.674, -1.362], [-56.127, 13.163], [-6.244, -3.223], [5.486, -10.965], [38.664, -9.944], [2.92, 3.48], [11.25, -13.38], [26.786, 6.499]], "v": [[144.62, -35.971], [138.984, -19.704], [25.1, -11.647], [4.905, -11.396], [-105.969, -21.256], [-111.666, -38.41], [-65.789, -72.759], [10.244, -45.913], [21.414, -45.913], [98.317, -72.245]]}]}, {"t": 80, "i": {"x": [0.12], "y": [1]}, "o": {"x": [0.33], "y": [0]}, "s": [{"c": true, "i": [[-6.695, -15.921], [5.747, -3.178], [22.493, 4.591], [6.631, -1.555], [16.983, 8.766], [-3.144, 6.284], [-28.696, 7.38], [-11.25, -13.38], [-2.92, 3.48], [-38.8, -9.4]], "o": [[2.546, 6.053], [-39.7, 21.954], [-6.674, -1.362], [-56.127, 13.163], [-6.244, -3.223], [5.486, -10.965], [38.664, -9.944], [2.92, 3.48], [11.25, -13.38], [26.786, 6.499]], "v": [[144.62, -35.971], [138.984, -19.704], [25.1, -11.647], [4.905, -11.396], [-105.969, -21.256], [-111.666, -38.41], [-65.789, -72.759], [10.244, -45.913], [21.414, -45.913], [98.317, -72.245]]}]}, {"t": 120, "i": {"x": [0.34], "y": [1]}, "o": {"x": [0.33], "y": [0]}, "s": [{"c": true, "i": [[-6.695, -15.921], [5.747, -3.178], [22.493, 4.591], [6.631, -1.555], [16.983, 8.766], [-3.144, 6.284], [-28.696, 7.38], [-11.25, -13.38], [-2.92, 3.48], [-38.8, -9.4]], "o": [[2.546, 6.053], [-39.7, 21.954], [-6.674, -1.362], [-56.127, 13.163], [-6.244, -3.223], [5.486, -10.965], [38.664, -9.944], [2.92, 3.48], [11.25, -13.38], [26.786, 6.499]], "v": [[122.514, -35.971], [116.879, -19.704], [2.995, -11.647], [-17.2, -11.396], [-128.075, -21.256], [-133.771, -38.41], [-87.894, -72.759], [-11.861, -45.913], [-0.691, -45.913], [76.212, -72.245]]}]}, {"t": 140, "i": {"x": [0.34], "y": [1]}, "o": {"x": [0.33], "y": [0]}, "s": [{"c": true, "i": [[-6.695, -15.921], [5.747, -3.178], [22.493, 4.591], [6.631, -1.555], [16.983, 8.766], [-3.144, 6.284], [-28.696, 7.38], [-11.25, -13.38], [-2.92, 3.48], [-38.8, -9.4]], "o": [[2.546, 6.053], [-39.7, 21.954], [-6.674, -1.362], [-56.127, 13.163], [-6.244, -3.223], [5.486, -10.965], [38.664, -9.944], [2.92, 3.48], [11.25, -13.38], [26.786, 6.499]], "v": [[122.514, -35.971], [116.879, -19.704], [2.995, -11.647], [-17.2, -11.396], [-128.075, -21.256], [-133.771, -38.41], [-87.894, -72.759], [-11.861, -45.913], [-0.691, -45.913], [76.212, -72.245]]}]}, {"t": 170, "s": [{"c": true, "i": [[-6.695, -15.921], [5.747, -3.178], [22.493, 4.591], [6.631, -1.555], [16.983, 8.766], [-3.144, 6.284], [-28.696, 7.38], [-11.25, -13.38], [-2.92, 3.48], [-38.8, -9.4]], "o": [[2.546, 6.053], [-39.7, 21.954], [-6.674, -1.362], [-56.127, 13.163], [-6.244, -3.223], [5.486, -10.965], [38.664, -9.944], [2.92, 3.48], [11.25, -13.38], [26.786, 6.499]], "v": [[134.093, -35.971], [128.458, -19.704], [14.574, -11.647], [-5.621, -11.396], [-116.496, -21.256], [-122.192, -38.41], [-76.315, -72.759], [-0.282, -45.913], [10.887, -45.913], [87.791, -72.245]]}]}], "a": 1}}, {"hd": false, "ty": "fl", "o": {"k": 100, "a": 0}, "c": {"k": [0.859, 0.749, 0.592, 1], "a": 0}}, {"ty": "tr", "a": {"k": [0, 0], "a": 0}, "p": {"k": [0, 0], "a": 0}, "s": {"k": [100, 100], "a": 0}, "r": {"k": 0, "a": 0}, "o": {"k": 100, "a": 0}, "sk": {"k": 0, "a": 0}, "sa": {"k": 0, "a": 0}}]}, {"hd": false, "ty": "gr", "it": [{"hd": false, "ty": "sh", "ks": {"k": [{"t": 19, "i": {"x": [0.34], "y": [1]}, "o": {"x": [0.33], "y": [0]}, "s": [{"c": true, "i": [[51.445, 12.472], [11.245, -13.381], [2.922, 3.477], [38.8, -9.406], [-5.196, -23.384], [-28.607, -10.289], [0.785, -3.583], [-16.2, -23.457], [-4.902, -0.674], [-10.738, -7.451], [0, 0], [-16.975, 11.779], [-7.382, 1.015], [-2.812, 4.072], [3.47, 15.845], [-3.452, 1.242], [-4.853, 21.841]], "o": [[-38.801, -9.406], [-2.922, 3.477], [-11.245, -13.381], [-51.445, 12.472], [4.854, 21.841], [3.452, 1.242], [-3.47, 15.845], [2.812, 4.072], [7.382, 1.015], [16.975, 11.779], [0, 0], [10.737, -7.451], [4.902, -0.674], [16.2, -23.457], [-0.785, -3.583], [28.607, -10.289], [5.197, -23.384]], "v": [[88.579, -75.949], [10.891, -45.909], [-0.285, -45.909], [-77.973, -75.949], [-132.017, 4.597], [-80.556, 57.662], [-75.875, 66.071], [-70.075, 146.877], [-57.943, 154.316], [-27.048, 165.544], [5.303, 176.601], [37.654, 165.544], [68.548, 154.316], [80.68, 146.877], [86.481, 66.071], [91.162, 57.662], [142.623, 4.597]]}]}, {"t": 50, "i": {"x": [0.34], "y": [1]}, "o": {"x": [0.33], "y": [0]}, "s": [{"c": true, "i": [[51.445, 12.472], [11.245, -13.381], [2.922, 3.477], [38.8, -9.406], [-5.196, -23.384], [-28.607, -10.289], [0.785, -3.583], [-16.2, -23.457], [-4.902, -0.674], [-10.738, -7.451], [0, 0], [-16.975, 11.779], [-7.382, 1.015], [-2.812, 4.072], [3.47, 15.845], [-3.452, 1.242], [-4.853, 21.841]], "o": [[-38.801, -9.406], [-2.922, 3.477], [-11.245, -13.381], [-51.445, 12.472], [4.854, 21.841], [3.452, 1.242], [-3.47, 15.845], [2.812, 4.072], [7.382, 1.015], [16.975, 11.779], [0, 0], [10.737, -7.451], [4.902, -0.674], [16.2, -23.457], [-0.785, -3.583], [28.607, -10.289], [5.197, -23.384]], "v": [[99.106, -75.949], [21.417, -45.909], [10.242, -45.909], [-67.447, -75.949], [-121.491, 4.597], [-70.03, 57.662], [-65.348, 66.071], [-59.548, 146.877], [-47.463, 156.159], [-11.521, 165.633], [22.145, 176.622], [53.18, 165.633], [79.075, 151.685], [91.207, 144.245], [97.007, 66.071], [101.688, 57.662], [153.149, 4.597]]}]}, {"t": 80, "i": {"x": [0.12], "y": [1]}, "o": {"x": [0.33], "y": [0]}, "s": [{"c": true, "i": [[51.445, 12.472], [11.245, -13.381], [2.922, 3.477], [38.8, -9.406], [-5.196, -23.384], [-28.607, -10.289], [0.785, -3.583], [-16.2, -23.457], [-4.902, -0.674], [-10.738, -7.451], [0, 0], [-16.975, 11.779], [-7.382, 1.015], [-2.812, 4.072], [3.47, 15.845], [-3.452, 1.242], [-4.853, 21.841]], "o": [[-38.801, -9.406], [-2.922, 3.477], [-11.245, -13.381], [-51.445, 12.472], [4.854, 21.841], [3.452, 1.242], [-3.47, 15.845], [2.812, 4.072], [7.382, 1.015], [16.975, 11.779], [0, 0], [10.737, -7.451], [4.902, -0.674], [16.2, -23.457], [-0.785, -3.583], [28.607, -10.289], [5.197, -23.384]], "v": [[99.106, -75.949], [21.417, -45.909], [10.242, -45.909], [-67.447, -75.949], [-121.491, 4.597], [-70.03, 57.662], [-65.348, 66.071], [-59.548, 146.877], [-47.463, 156.159], [-11.521, 165.633], [22.145, 176.622], [53.18, 165.633], [79.075, 151.685], [91.207, 144.245], [97.007, 66.071], [101.688, 57.662], [153.149, 4.597]]}]}, {"t": 120, "i": {"x": [0.34], "y": [1]}, "o": {"x": [0.33], "y": [0]}, "s": [{"c": true, "i": [[51.445, 12.472], [11.245, -13.381], [2.922, 3.477], [38.8, -9.406], [-5.196, -23.384], [-28.607, -10.289], [0.785, -3.583], [-16.2, -23.457], [-4.902, -0.674], [-10.738, -7.451], [0, 0], [-16.975, 11.779], [-7.382, 1.015], [-2.812, 4.072], [3.47, 15.845], [-3.452, 1.242], [-4.853, 21.841]], "o": [[-38.801, -9.406], [-2.922, 3.477], [-11.245, -13.381], [-51.445, 12.472], [4.854, 21.841], [3.452, 1.242], [-3.47, 15.845], [2.812, 4.072], [7.382, 1.015], [16.975, 11.779], [0, 0], [10.737, -7.451], [4.902, -0.674], [16.2, -23.457], [-0.785, -3.583], [28.607, -10.289], [5.197, -23.384]], "v": [[77.001, -75.949], [-0.688, -45.909], [-11.864, -45.909], [-89.552, -75.949], [-143.596, 4.597], [-92.135, 57.662], [-87.454, 66.071], [-82.969, 143.456], [-69.785, 149.843], [-38.627, 165.544], [-6.276, 176.601], [26.075, 165.544], [56.443, 156.948], [68.575, 149.508], [74.902, 66.071], [79.583, 57.662], [131.044, 4.597]]}]}, {"t": 140, "i": {"x": [0.34], "y": [1]}, "o": {"x": [0.33], "y": [0]}, "s": [{"c": true, "i": [[51.445, 12.472], [11.245, -13.381], [2.922, 3.477], [38.8, -9.406], [-5.196, -23.384], [-28.607, -10.289], [0.785, -3.583], [-16.2, -23.457], [-4.902, -0.674], [-10.738, -7.451], [0, 0], [-16.975, 11.779], [-7.382, 1.015], [-2.812, 4.072], [3.47, 15.845], [-3.452, 1.242], [-4.853, 21.841]], "o": [[-38.801, -9.406], [-2.922, 3.477], [-11.245, -13.381], [-51.445, 12.472], [4.854, 21.841], [3.452, 1.242], [-3.47, 15.845], [2.812, 4.072], [7.382, 1.015], [16.975, 11.779], [0, 0], [10.737, -7.451], [4.902, -0.674], [16.2, -23.457], [-0.785, -3.583], [28.607, -10.289], [5.197, -23.384]], "v": [[77.001, -75.949], [-0.688, -45.909], [-11.864, -45.909], [-89.552, -75.949], [-143.596, 4.597], [-92.135, 57.662], [-87.454, 66.071], [-82.969, 143.456], [-69.785, 149.843], [-38.627, 165.544], [-6.276, 176.601], [26.075, 165.544], [56.443, 156.948], [68.575, 149.508], [74.902, 66.071], [79.583, 57.662], [131.044, 4.597]]}]}, {"t": 170, "s": [{"c": true, "i": [[51.445, 12.472], [11.245, -13.381], [2.922, 3.477], [38.8, -9.406], [-5.196, -23.384], [-28.607, -10.289], [0.785, -3.583], [-16.2, -23.457], [-4.902, -0.674], [-10.738, -7.451], [0, 0], [-16.975, 11.779], [-7.382, 1.015], [-2.812, 4.072], [3.47, 15.845], [-3.452, 1.242], [-4.853, 21.841]], "o": [[-38.801, -9.406], [-2.922, 3.477], [-11.245, -13.381], [-51.445, 12.472], [4.854, 21.841], [3.452, 1.242], [-3.47, 15.845], [2.812, 4.072], [7.382, 1.015], [16.975, 11.779], [0, 0], [10.737, -7.451], [4.902, -0.674], [16.2, -23.457], [-0.785, -3.583], [28.607, -10.289], [5.197, -23.384]], "v": [[88.579, -75.949], [10.891, -45.909], [-0.285, -45.909], [-77.973, -75.949], [-132.017, 4.597], [-80.556, 57.662], [-75.875, 66.071], [-70.075, 146.877], [-57.943, 154.316], [-27.048, 165.544], [5.303, 176.601], [37.654, 165.544], [68.548, 154.316], [80.68, 146.877], [86.481, 66.071], [91.162, 57.662], [142.623, 4.597]]}]}], "a": 1}}, {"hd": false, "ty": "fl", "o": {"k": 100, "a": 0}, "c": {"k": [0.941, 0.847, 0.702, 1], "a": 0}}, {"ty": "tr", "a": {"k": [0, 0], "a": 0}, "p": {"k": [0, 0], "a": 0}, "s": {"k": [100, 100], "a": 0}, "r": {"k": 0, "a": 0}, "o": {"k": 100, "a": 0}, "sk": {"k": 0, "a": 0}, "sa": {"k": 0, "a": 0}}]}, {"hd": false, "ty": "gr", "it": [{"hd": false, "ty": "sh", "ks": {"k": [{"t": 19, "i": {"x": [0.34], "y": [1]}, "o": {"x": [0.33], "y": [0]}, "s": [{"c": true, "i": [[24.154, 48.305], [13.203, 43.885], [77.248, 0], [15.205, -50.539], [21.999, -43.995], [-198.638, 0]], "o": [[-21.999, -43.995], [-15.205, -50.539], [-78.08, 0], [-13.203, 43.885], [-24.154, 48.305], [198.638, 0]], "v": [[169.587, -20.913], [146.026, -110.813], [5.303, -207.093], [-135.42, -110.813], [-158.981, -20.913], [5.303, 159.087]]}]}, {"t": 50, "i": {"x": [0.34], "y": [1]}, "o": {"x": [0.33], "y": [0]}, "s": [{"c": true, "i": [[24.154, 48.305], [13.203, 43.885], [77.248, 0], [15.205, -50.539], [21.999, -43.995], [-198.638, 0]], "o": [[-21.999, -43.995], [-15.205, -50.539], [-78.08, 0], [-13.203, 43.885], [-24.154, 48.305], [198.638, 0]], "v": [[169.587, -20.913], [146.026, -110.813], [5.303, -207.093], [-135.42, -110.813], [-158.981, -20.913], [5.303, 159.087]]}]}, {"t": 80, "i": {"x": [0.12], "y": [1]}, "o": {"x": [0.33], "y": [0]}, "s": [{"c": true, "i": [[24.154, 48.305], [13.203, 43.885], [77.248, 0], [15.205, -50.539], [21.999, -43.995], [-198.638, 0]], "o": [[-21.999, -43.995], [-15.205, -50.539], [-78.08, 0], [-13.203, 43.885], [-24.154, 48.305], [198.638, 0]], "v": [[169.587, -20.913], [146.026, -110.813], [5.303, -207.093], [-135.42, -110.813], [-158.981, -20.913], [5.303, 159.087]]}]}, {"t": 120, "i": {"x": [0.34], "y": [1]}, "o": {"x": [0.33], "y": [0]}, "s": [{"c": true, "i": [[24.154, 48.305], [13.203, 43.885], [77.248, 0], [15.205, -50.539], [21.999, -43.995], [-198.638, 0]], "o": [[-21.999, -43.995], [-15.205, -50.539], [-78.08, 0], [-13.203, 43.885], [-24.154, 48.305], [198.638, 0]], "v": [[169.587, -20.913], [146.026, -110.813], [5.303, -207.093], [-135.42, -110.813], [-158.981, -20.913], [5.303, 159.087]]}]}, {"t": 140, "i": {"x": [0.34], "y": [1]}, "o": {"x": [0.33], "y": [0]}, "s": [{"c": true, "i": [[24.154, 48.305], [13.203, 43.885], [77.248, 0], [15.205, -50.539], [21.999, -43.995], [-198.638, 0]], "o": [[-21.999, -43.995], [-15.205, -50.539], [-78.08, 0], [-13.203, 43.885], [-24.154, 48.305], [198.638, 0]], "v": [[169.587, -20.913], [146.026, -110.813], [5.303, -207.093], [-135.42, -110.813], [-158.981, -20.913], [5.303, 159.087]]}]}, {"t": 170, "s": [{"c": true, "i": [[24.154, 48.305], [13.203, 43.885], [77.248, 0], [15.205, -50.539], [21.999, -43.995], [-198.638, 0]], "o": [[-21.999, -43.995], [-15.205, -50.539], [-78.08, 0], [-13.203, 43.885], [-24.154, 48.305], [198.638, 0]], "v": [[169.587, -20.913], [146.026, -110.813], [5.303, -207.093], [-135.42, -110.813], [-158.981, -20.913], [5.303, 159.087]]}]}], "a": 1}}, {"hd": false, "ty": "st", "lc": 1, "lj": 1, "ml": 10, "o": {"k": 100, "a": 0}, "w": {"k": 8, "a": 0}, "c": {"k": [0.369, 0.259, 0.122, 1], "a": 0}}, {"ty": "tr", "a": {"k": [0, 0], "a": 0}, "p": {"k": [0, 0], "a": 0}, "s": {"k": [100, 100], "a": 0}, "r": {"k": 0, "a": 0}, "o": {"k": 100, "a": 0}, "sk": {"k": 0, "a": 0}, "sa": {"k": 0, "a": 0}}]}, {"hd": false, "ty": "gr", "it": [{"hd": false, "ty": "gr", "it": [{"hd": false, "ty": "sh", "ks": {"k": [{"t": 19, "i": {"x": [0.34], "y": [1]}, "o": {"x": [0.33], "y": [0]}, "s": [{"c": false, "i": [[0, 0], [-7.633, -2.073]], "o": [[0, 0], [0, 0]], "v": [[41.579, -186.44], [54.078, -183.608]]}]}, {"t": 50, "i": {"x": [0.34], "y": [1]}, "o": {"x": [0.33], "y": [0]}, "s": [{"c": false, "i": [[0, 0], [-7.633, -2.073]], "o": [[0, 0], [0, 0]], "v": [[41.579, -186.44], [54.078, -183.608]]}]}, {"t": 80, "i": {"x": [0.12], "y": [1]}, "o": {"x": [0.33], "y": [0]}, "s": [{"c": false, "i": [[0, 0], [-7.633, -2.073]], "o": [[0, 0], [0, 0]], "v": [[41.579, -186.44], [54.078, -183.608]]}]}, {"t": 120, "i": {"x": [0.34], "y": [1]}, "o": {"x": [0.33], "y": [0]}, "s": [{"c": false, "i": [[0, 0], [-7.633, -2.073]], "o": [[0, 0], [0, 0]], "v": [[41.579, -186.44], [54.078, -183.608]]}]}, {"t": 140, "i": {"x": [0.34], "y": [1]}, "o": {"x": [0.33], "y": [0]}, "s": [{"c": false, "i": [[0, 0], [-7.633, -2.073]], "o": [[0, 0], [0, 0]], "v": [[41.579, -186.44], [54.078, -183.608]]}]}, {"t": 170, "s": [{"c": false, "i": [[0, 0], [-7.633, -2.073]], "o": [[0, 0], [0, 0]], "v": [[41.579, -186.44], [54.078, -183.608]]}]}], "a": 1}}, {"hd": false, "ty": "st", "lc": 2, "lj": 2, "o": {"k": 100, "a": 0}, "w": {"k": 6, "a": 0}, "c": {"k": [1, 1, 1, 1], "a": 0}}, {"ty": "tr", "a": {"k": [0, 0], "a": 0}, "p": {"k": [0, 0], "a": 0}, "s": {"k": [100, 100], "a": 0}, "r": {"k": 0, "a": 0}, "o": {"k": 100, "a": 0}, "sk": {"k": 0, "a": 0}, "sa": {"k": 0, "a": 0}}]}, {"hd": false, "ty": "gr", "it": [{"hd": false, "ty": "sh", "ks": {"k": [{"t": 19, "i": {"x": [0.34], "y": [1]}, "o": {"x": [0.33], "y": [0]}, "s": [{"c": false, "i": [[0, 0], [-1.612, -0.576]], "o": [[1.511, 0.494], [0, 0]], "v": [[62.717, -181.024], [67.407, -179.42]]}]}, {"t": 50, "i": {"x": [0.34], "y": [1]}, "o": {"x": [0.33], "y": [0]}, "s": [{"c": false, "i": [[0, 0], [-1.612, -0.576]], "o": [[1.511, 0.494], [0, 0]], "v": [[62.717, -181.024], [67.407, -179.42]]}]}, {"t": 80, "i": {"x": [0.12], "y": [1]}, "o": {"x": [0.33], "y": [0]}, "s": [{"c": false, "i": [[0, 0], [-1.612, -0.576]], "o": [[1.511, 0.494], [0, 0]], "v": [[62.717, -181.024], [67.407, -179.42]]}]}, {"t": 120, "i": {"x": [0.34], "y": [1]}, "o": {"x": [0.33], "y": [0]}, "s": [{"c": false, "i": [[0, 0], [-1.612, -0.576]], "o": [[1.511, 0.494], [0, 0]], "v": [[62.717, -181.024], [67.407, -179.42]]}]}, {"t": 140, "i": {"x": [0.34], "y": [1]}, "o": {"x": [0.33], "y": [0]}, "s": [{"c": false, "i": [[0, 0], [-1.612, -0.576]], "o": [[1.511, 0.494], [0, 0]], "v": [[62.717, -181.024], [67.407, -179.42]]}]}, {"t": 170, "s": [{"c": false, "i": [[0, 0], [-1.612, -0.576]], "o": [[1.511, 0.494], [0, 0]], "v": [[62.717, -181.024], [67.407, -179.42]]}]}], "a": 1}}, {"hd": false, "ty": "st", "lc": 2, "lj": 2, "o": {"k": 100, "a": 0}, "w": {"k": 6, "a": 0}, "c": {"k": [1, 1, 1, 1], "a": 0}}, {"ty": "tr", "a": {"k": [0, 0], "a": 0}, "p": {"k": [0, 0], "a": 0}, "s": {"k": [100, 100], "a": 0}, "r": {"k": 0, "a": 0}, "o": {"k": 100, "a": 0}, "sk": {"k": 0, "a": 0}, "sa": {"k": 0, "a": 0}}]}, {"ty": "tr", "a": {"k": [0, 0], "a": 0}, "p": {"k": [0, 0], "a": 0}, "s": {"k": [100, 100], "a": 0}, "r": {"k": 0, "a": 0}, "o": {"k": 100, "a": 0}, "sk": {"k": 0, "a": 0}, "sa": {"k": 0, "a": 0}}]}, {"hd": false, "ty": "gr", "it": [{"hd": false, "ty": "sh", "ks": {"k": [{"t": 19, "i": {"x": [0.34], "y": [1]}, "o": {"x": [0.33], "y": [0]}, "s": [{"c": true, "i": [[0, -23.536], [50.223, 0], [0, 23.536], [-50.223, 0]], "o": [[0, 23.536], [-50.223, 0], [0, -23.536], [50.223, 0]], "v": [[96.859, -148.606], [5.921, -105.99], [-85.016, -148.606], [5.921, -191.222]]}]}, {"t": 50, "i": {"x": [0.34], "y": [1]}, "o": {"x": [0.33], "y": [0]}, "s": [{"c": true, "i": [[0, -23.536], [50.223, 0], [0, 23.536], [-50.223, 0]], "o": [[0, 23.536], [-50.223, 0], [0, -23.536], [50.223, 0]], "v": [[96.859, -148.606], [5.921, -105.99], [-85.016, -148.606], [5.921, -191.222]]}]}, {"t": 80, "i": {"x": [0.12], "y": [1]}, "o": {"x": [0.33], "y": [0]}, "s": [{"c": true, "i": [[0, -23.536], [50.223, 0], [0, 23.536], [-50.223, 0]], "o": [[0, 23.536], [-50.223, 0], [0, -23.536], [50.223, 0]], "v": [[96.859, -148.606], [5.921, -105.99], [-85.016, -148.606], [5.921, -191.222]]}]}, {"t": 120, "i": {"x": [0.34], "y": [1]}, "o": {"x": [0.33], "y": [0]}, "s": [{"c": true, "i": [[0, -23.536], [50.223, 0], [0, 23.536], [-50.223, 0]], "o": [[0, 23.536], [-50.223, 0], [0, -23.536], [50.223, 0]], "v": [[96.859, -148.606], [5.921, -105.99], [-85.016, -148.606], [5.921, -191.222]]}]}, {"t": 140, "i": {"x": [0.34], "y": [1]}, "o": {"x": [0.33], "y": [0]}, "s": [{"c": true, "i": [[0, -23.536], [50.223, 0], [0, 23.536], [-50.223, 0]], "o": [[0, 23.536], [-50.223, 0], [0, -23.536], [50.223, 0]], "v": [[96.859, -148.606], [5.921, -105.99], [-85.016, -148.606], [5.921, -191.222]]}]}, {"t": 170, "s": [{"c": true, "i": [[0, -23.536], [50.223, 0], [0, 23.536], [-50.223, 0]], "o": [[0, 23.536], [-50.223, 0], [0, -23.536], [50.223, 0]], "v": [[96.859, -148.606], [5.921, -105.99], [-85.016, -148.606], [5.921, -191.222]]}]}], "a": 1}}, {"hd": false, "ty": "fl", "o": {"k": 100, "a": 0}, "c": {"k": [0.78, 0.624, 0.42, 1], "a": 0}}, {"ty": "tr", "a": {"k": [0, 0], "a": 0}, "p": {"k": [0, 0], "a": 0}, "s": {"k": [100, 100], "a": 0}, "r": {"k": 0, "a": 0}, "o": {"k": 100, "a": 0}, "sk": {"k": 0, "a": 0}, "sa": {"k": 0, "a": 0}}]}, {"hd": false, "ty": "gr", "it": [{"hd": false, "ty": "sh", "ks": {"k": [{"t": 19, "i": {"x": [0.34], "y": [1]}, "o": {"x": [0.33], "y": [0]}, "s": [{"c": true, "i": [[22.173, 44.342], [12.12, 40.285], [70.911, 0], [13.958, -46.393], [20.194, -40.385], [-182.343, 0]], "o": [[-20.194, -40.385], [-13.957, -46.393], [-71.675, 0], [-12.12, 40.285], [-22.173, 44.342], [182.343, 0]], "v": [[156.11, -21.166], [134.482, -103.692], [5.303, -192.073], [-123.876, -103.692], [-145.504, -21.166], [5.303, 144.067]]}]}, {"t": 50, "i": {"x": [0.34], "y": [1]}, "o": {"x": [0.33], "y": [0]}, "s": [{"c": true, "i": [[22.173, 44.342], [12.12, 40.285], [70.911, 0], [13.958, -46.393], [20.194, -40.385], [-182.343, 0]], "o": [[-20.194, -40.385], [-13.957, -46.393], [-71.675, 0], [-12.12, 40.285], [-22.173, 44.342], [182.343, 0]], "v": [[156.11, -21.166], [134.482, -103.692], [5.303, -192.073], [-123.876, -103.692], [-145.504, -21.166], [5.303, 144.067]]}]}, {"t": 80, "i": {"x": [0.12], "y": [1]}, "o": {"x": [0.33], "y": [0]}, "s": [{"c": true, "i": [[22.173, 44.342], [12.12, 40.285], [70.911, 0], [13.958, -46.393], [20.194, -40.385], [-182.343, 0]], "o": [[-20.194, -40.385], [-13.957, -46.393], [-71.675, 0], [-12.12, 40.285], [-22.173, 44.342], [182.343, 0]], "v": [[156.11, -21.166], [134.482, -103.692], [5.303, -192.073], [-123.876, -103.692], [-145.504, -21.166], [5.303, 144.067]]}]}, {"t": 120, "i": {"x": [0.34], "y": [1]}, "o": {"x": [0.33], "y": [0]}, "s": [{"c": true, "i": [[22.173, 44.342], [12.12, 40.285], [70.911, 0], [13.958, -46.393], [20.194, -40.385], [-182.343, 0]], "o": [[-20.194, -40.385], [-13.957, -46.393], [-71.675, 0], [-12.12, 40.285], [-22.173, 44.342], [182.343, 0]], "v": [[156.11, -21.166], [134.482, -103.692], [5.303, -192.073], [-123.876, -103.692], [-145.504, -21.166], [5.303, 144.067]]}]}, {"t": 140, "i": {"x": [0.34], "y": [1]}, "o": {"x": [0.33], "y": [0]}, "s": [{"c": true, "i": [[22.173, 44.342], [12.12, 40.285], [70.911, 0], [13.958, -46.393], [20.194, -40.385], [-182.343, 0]], "o": [[-20.194, -40.385], [-13.957, -46.393], [-71.675, 0], [-12.12, 40.285], [-22.173, 44.342], [182.343, 0]], "v": [[156.11, -21.166], [134.482, -103.692], [5.303, -192.073], [-123.876, -103.692], [-145.504, -21.166], [5.303, 144.067]]}]}, {"t": 170, "s": [{"c": true, "i": [[22.173, 44.342], [12.12, 40.285], [70.911, 0], [13.958, -46.393], [20.194, -40.385], [-182.343, 0]], "o": [[-20.194, -40.385], [-13.957, -46.393], [-71.675, 0], [-12.12, 40.285], [-22.173, 44.342], [182.343, 0]], "v": [[156.11, -21.166], [134.482, -103.692], [5.303, -192.073], [-123.876, -103.692], [-145.504, -21.166], [5.303, 144.067]]}]}], "a": 1}}, {"hd": false, "ty": "fl", "o": {"k": 100, "a": 0}, "c": {"k": [0.737, 0.573, 0.349, 1], "a": 0}}, {"ty": "tr", "a": {"k": [0, 0], "a": 0}, "p": {"k": [0, 0], "a": 0}, "s": {"k": [100, 100], "a": 0}, "r": {"k": 0, "a": 0}, "o": {"k": 100, "a": 0}, "sk": {"k": 0, "a": 0}, "sa": {"k": 0, "a": 0}}]}, {"hd": false, "ty": "gr", "it": [{"hd": false, "ty": "sh", "ks": {"k": [{"t": 19, "i": {"x": [0.34], "y": [1]}, "o": {"x": [0.33], "y": [0]}, "s": [{"c": true, "i": [[24.154, 48.305], [13.203, 43.885], [77.248, 0], [15.205, -50.539], [21.999, -43.995], [-198.638, 0]], "o": [[-21.999, -43.995], [-15.205, -50.539], [-78.08, 0], [-13.203, 43.885], [-24.154, 48.305], [198.638, 0]], "v": [[169.587, -20.913], [146.026, -110.813], [5.303, -207.093], [-135.42, -110.813], [-158.981, -20.913], [5.303, 159.087]]}]}, {"t": 50, "i": {"x": [0.34], "y": [1]}, "o": {"x": [0.33], "y": [0]}, "s": [{"c": true, "i": [[24.154, 48.305], [13.203, 43.885], [77.248, 0], [15.205, -50.539], [21.999, -43.995], [-198.638, 0]], "o": [[-21.999, -43.995], [-15.205, -50.539], [-78.08, 0], [-13.203, 43.885], [-24.154, 48.305], [198.638, 0]], "v": [[169.587, -20.913], [146.026, -110.813], [5.303, -207.093], [-135.42, -110.813], [-158.981, -20.913], [5.303, 159.087]]}]}, {"t": 80, "i": {"x": [0.12], "y": [1]}, "o": {"x": [0.33], "y": [0]}, "s": [{"c": true, "i": [[24.154, 48.305], [13.203, 43.885], [77.248, 0], [15.205, -50.539], [21.999, -43.995], [-198.638, 0]], "o": [[-21.999, -43.995], [-15.205, -50.539], [-78.08, 0], [-13.203, 43.885], [-24.154, 48.305], [198.638, 0]], "v": [[169.587, -20.913], [146.026, -110.813], [5.303, -207.093], [-135.42, -110.813], [-158.981, -20.913], [5.303, 159.087]]}]}, {"t": 120, "i": {"x": [0.34], "y": [1]}, "o": {"x": [0.33], "y": [0]}, "s": [{"c": true, "i": [[24.154, 48.305], [13.203, 43.885], [77.248, 0], [15.205, -50.539], [21.999, -43.995], [-198.638, 0]], "o": [[-21.999, -43.995], [-15.205, -50.539], [-78.08, 0], [-13.203, 43.885], [-24.154, 48.305], [198.638, 0]], "v": [[169.587, -20.913], [146.026, -110.813], [5.303, -207.093], [-135.42, -110.813], [-158.981, -20.913], [5.303, 159.087]]}]}, {"t": 140, "i": {"x": [0.34], "y": [1]}, "o": {"x": [0.33], "y": [0]}, "s": [{"c": true, "i": [[24.154, 48.305], [13.203, 43.885], [77.248, 0], [15.205, -50.539], [21.999, -43.995], [-198.638, 0]], "o": [[-21.999, -43.995], [-15.205, -50.539], [-78.08, 0], [-13.203, 43.885], [-24.154, 48.305], [198.638, 0]], "v": [[169.587, -20.913], [146.026, -110.813], [5.303, -207.093], [-135.42, -110.813], [-158.981, -20.913], [5.303, 159.087]]}]}, {"t": 170, "s": [{"c": true, "i": [[24.154, 48.305], [13.203, 43.885], [77.248, 0], [15.205, -50.539], [21.999, -43.995], [-198.638, 0]], "o": [[-21.999, -43.995], [-15.205, -50.539], [-78.08, 0], [-13.203, 43.885], [-24.154, 48.305], [198.638, 0]], "v": [[169.587, -20.913], [146.026, -110.813], [5.303, -207.093], [-135.42, -110.813], [-158.981, -20.913], [5.303, 159.087]]}]}], "a": 1}}, {"hd": false, "ty": "fl", "o": {"k": 100, "a": 0}, "c": {"k": [0.62, 0.463, 0.239, 1], "a": 0}}, {"ty": "tr", "a": {"k": [0, 0], "a": 0}, "p": {"k": [0, 0], "a": 0}, "s": {"k": [100, 100], "a": 0}, "r": {"k": 0, "a": 0}, "o": {"k": 100, "a": 0}, "sk": {"k": 0, "a": 0}, "sa": {"k": 0, "a": 0}}]}]}, {"ty": 4, "ks": {"a": {"k": [-148.03, -63.49, 0], "a": 0}, "p": {"a": 1, "k": [{"t": 19, "i": {"x": [0.34], "y": [1]}, "o": {"x": [0.33], "y": [0]}, "s": [-148.03, -63.49, 0], "ti": [0, 0, 0], "to": [0, 0, 0]}, {"t": 50, "i": {"x": [0.34], "y": [0.34]}, "o": {"x": [0.33], "y": [0.33]}, "s": [-159.609, -63.49, 0], "ti": [0, 0, 0], "to": [0, 0, 0]}, {"t": 80, "i": {"x": [0.12], "y": [1]}, "o": {"x": [0.33], "y": [0]}, "s": [-159.609, -63.49, 0], "ti": [0, 0, 0], "to": [0, 0, 0]}, {"t": 120, "i": {"x": [0.34], "y": [0.34]}, "o": {"x": [0.33], "y": [0.33]}, "s": [-137.504, -63.49, 0], "ti": [0, 0, 0], "to": [0, 0, 0]}, {"t": 140, "i": {"x": [0.34], "y": [1]}, "o": {"x": [0.33], "y": [0]}, "s": [-137.504, -63.49, 0], "ti": [0, 0, 0], "to": [0, 0, 0]}, {"t": 170, "s": [-148.03, -63.49, 0]}]}}, "ao": 0, "bm": 0, "ddd": 0, "ind": 8, "ip": 0, "op": 180, "st": 0, "sr": 1, "parent": 7, "shapes": [{"hd": false, "ty": "gr", "it": [{"hd": false, "ty": "sh", "ks": {"k": {"c": true, "i": [[1.081, -15.591], [0, 0], [0.01, 0], [-5.699, 9.64], [0, 0]], "o": [[-42.636, -22.157], [-0.01, 0], [-1.283, -12.428], [16.864, -28.514], [5.547, -0.606]], "v": [[-120.56, -89.291], [-178.963, -61.424], [-178.983, -61.434], [-172.678, -95.859], [-126.714, -115.865]]}, "a": 0}}, {"hd": false, "ty": "fl", "o": {"k": 100, "a": 0}, "c": {"k": [0.859, 0.596, 0.592, 1], "a": 0}}, {"ty": "tr", "a": {"k": [0, 0], "a": 0}, "p": {"k": [0, 0], "a": 0}, "s": {"k": [100, 100], "a": 0}, "r": {"k": 0, "a": 0}, "o": {"k": 100, "a": 0}, "sk": {"k": 0, "a": 0}, "sa": {"k": 0, "a": 0}}]}, {"hd": false, "ty": "gr", "it": [{"hd": false, "ty": "sh", "ks": {"k": {"c": true, "i": [[17.728, -1.949], [16.87, -28.514], [-21.623, -17.626]], "o": [[0, 0], [-13.747, 23.235], [25.716, 20.962]], "v": [[-126.711, -115.866], [-172.682, -95.857], [-156.36, -15.922]]}, "a": 0}}, {"hd": false, "ty": "fl", "o": {"k": 100, "a": 0}, "c": {"k": [0.929, 0.675, 0.667, 1], "a": 0}}, {"ty": "tr", "a": {"k": [0, 0], "a": 0}, "p": {"k": [0, 0], "a": 0}, "s": {"k": [100, 100], "a": 0}, "r": {"k": 0, "a": 0}, "o": {"k": 100, "a": 0}, "sk": {"k": 0, "a": 0}, "sa": {"k": 0, "a": 0}}]}, {"hd": false, "ty": "gr", "it": [{"hd": false, "ty": "sh", "ks": {"k": {"c": true, "i": [[55.083, 3.638], [22.172, -27.368], [-47.288, -39.234]], "o": [[-19.765, -1.305], [-24.472, 30.208], [49.528, 41.092]], "v": [[-115.798, -143.021], [-186.99, -118.078], [-164.645, 10.795]]}, "a": 0}}, {"hd": false, "ty": "st", "lc": 1, "lj": 1, "ml": 10, "o": {"k": 100, "a": 0}, "w": {"k": 8, "a": 0}, "c": {"k": [0.369, 0.259, 0.122, 1], "a": 0}}, {"ty": "tr", "a": {"k": [0, 0], "a": 0}, "p": {"k": [0, 0], "a": 0}, "s": {"k": [100, 100], "a": 0}, "r": {"k": 0, "a": 0}, "o": {"k": 100, "a": 0}, "sk": {"k": 0, "a": 0}, "sa": {"k": 0, "a": 0}}]}, {"hd": false, "ty": "gr", "it": [{"hd": false, "ty": "sh", "ks": {"k": {"c": false, "i": [[0, 0], [-36.319, 10.182]], "o": [[0, 0], [0, 0]], "v": [[-194.126, -81.406], [-152.972, -131.334]]}, "a": 0}}, {"hd": false, "ty": "st", "lc": 2, "lj": 2, "o": {"k": 100, "a": 0}, "w": {"k": 10, "a": 0}, "c": {"k": [0.737, 0.573, 0.349, 1], "a": 0}}, {"ty": "tr", "a": {"k": [0, 0], "a": 0}, "p": {"k": [0, 0], "a": 0}, "s": {"k": [100, 100], "a": 0}, "r": {"k": 0, "a": 0}, "o": {"k": 100, "a": 0}, "sk": {"k": 0, "a": 0}, "sa": {"k": 0, "a": 0}}]}, {"hd": false, "ty": "gr", "it": [{"hd": false, "ty": "sh", "ks": {"k": {"c": true, "i": [[55.083, 3.638], [22.172, -27.368], [-47.288, -39.234]], "o": [[-19.765, -1.305], [-24.472, 30.208], [49.528, 41.092]], "v": [[-115.798, -143.021], [-186.99, -118.078], [-164.645, 10.795]]}, "a": 0}}, {"hd": false, "ty": "st", "lc": 1, "lj": 1, "ml": 10, "o": {"k": 100, "a": 0}, "w": {"k": 8, "a": 0}, "c": {"k": [0.369, 0.259, 0.122, 1], "a": 0}}, {"hd": false, "ty": "fl", "o": {"k": 100, "a": 0}, "c": {"k": [0.62, 0.463, 0.239, 1], "a": 0}}, {"ty": "tr", "a": {"k": [0, 0], "a": 0}, "p": {"k": [0, 0], "a": 0}, "s": {"k": [100, 100], "a": 0}, "r": {"k": 0, "a": 0}, "o": {"k": 100, "a": 0}, "sk": {"k": 0, "a": 0}, "sa": {"k": 0, "a": 0}}]}]}, {"ty": 4, "ks": {"a": {"k": [157.962, -63.49, 0], "a": 0}, "p": {"a": 1, "k": [{"t": 19, "i": {"x": [0.34], "y": [1]}, "o": {"x": [0.33], "y": [0]}, "s": [157.962, -63.49, 0], "ti": [0, 0, 0], "to": [0, 0, 0]}, {"t": 50, "i": {"x": [0.34], "y": [0.34]}, "o": {"x": [0.33], "y": [0.33]}, "s": [146.383, -63.49, 0], "ti": [0, 0, 0], "to": [0, 0, 0]}, {"t": 80, "i": {"x": [0.12], "y": [1]}, "o": {"x": [0.33], "y": [0]}, "s": [146.383, -63.49, 0], "ti": [0, 0, 0], "to": [0, 0, 0]}, {"t": 120, "i": {"x": [0.34], "y": [0.34]}, "o": {"x": [0.33], "y": [0.33]}, "s": [168.488, -63.49, 0], "ti": [0, 0, 0], "to": [0, 0, 0]}, {"t": 140, "i": {"x": [0.34], "y": [1]}, "o": {"x": [0.33], "y": [0]}, "s": [168.488, -63.49, 0], "ti": [0, 0, 0], "to": [0, 0, 0]}, {"t": 170, "s": [157.962, -63.49, 0]}]}}, "ao": 0, "bm": 0, "ddd": 0, "ind": 9, "ip": 0, "op": 180, "st": 0, "sr": 1, "parent": 7, "shapes": [{"hd": false, "ty": "gr", "it": [{"hd": false, "ty": "sh", "ks": {"k": {"c": true, "i": [[-1.081, -15.591], [0, 0], [-0.01, 0], [5.699, 9.64], [0, 0]], "o": [[42.636, -22.157], [0.01, 0], [1.283, -12.428], [-16.864, -28.514], [-5.547, -0.606]], "v": [[130.917, -89.291], [189.319, -61.424], [189.34, -61.434], [183.034, -95.859], [137.07, -115.865]]}, "a": 0}}, {"hd": false, "ty": "fl", "o": {"k": 100, "a": 0}, "c": {"k": [0.859, 0.596, 0.592, 1], "a": 0}}, {"ty": "tr", "a": {"k": [0, 0], "a": 0}, "p": {"k": [0, 0], "a": 0}, "s": {"k": [100, 100], "a": 0}, "r": {"k": 0, "a": 0}, "o": {"k": 100, "a": 0}, "sk": {"k": 0, "a": 0}, "sa": {"k": 0, "a": 0}}]}, {"hd": false, "ty": "gr", "it": [{"hd": false, "ty": "sh", "ks": {"k": {"c": true, "i": [[-55.083, 3.638], [-22.172, -27.368], [47.288, -39.234]], "o": [[19.765, -1.305], [24.472, 30.208], [-49.528, 41.092]], "v": [[125.73, -143.021], [196.922, -118.078], [174.577, 10.795]]}, "a": 0}}, {"hd": false, "ty": "st", "lc": 1, "lj": 1, "ml": 10, "o": {"k": 100, "a": 0}, "w": {"k": 8, "a": 0}, "c": {"k": [0.369, 0.259, 0.122, 1], "a": 0}}, {"ty": "tr", "a": {"k": [0, 0], "a": 0}, "p": {"k": [0, 0], "a": 0}, "s": {"k": [100, 100], "a": 0}, "r": {"k": 0, "a": 0}, "o": {"k": 100, "a": 0}, "sk": {"k": 0, "a": 0}, "sa": {"k": 0, "a": 0}}]}, {"hd": false, "ty": "gr", "it": [{"hd": false, "ty": "sh", "ks": {"k": {"c": false, "i": [[0, 0], [36.319, 10.182]], "o": [[0, 0], [0, 0]], "v": [[203.905, -80.406], [162.752, -130.334]]}, "a": 0}}, {"hd": false, "ty": "st", "lc": 2, "lj": 2, "o": {"k": 100, "a": 0}, "w": {"k": 10, "a": 0}, "c": {"k": [0.737, 0.573, 0.349, 1], "a": 0}}, {"ty": "tr", "a": {"k": [0, 0], "a": 0}, "p": {"k": [0, 0], "a": 0}, "s": {"k": [100, 100], "a": 0}, "r": {"k": 0, "a": 0}, "o": {"k": 100, "a": 0}, "sk": {"k": 0, "a": 0}, "sa": {"k": 0, "a": 0}}]}, {"hd": false, "ty": "gr", "it": [{"hd": false, "ty": "sh", "ks": {"k": {"c": true, "i": [[-17.728, -1.949], [-16.87, -28.514], [21.623, -17.626]], "o": [[0, 0], [13.747, 23.235], [-25.716, 20.962]], "v": [[136.643, -115.866], [182.613, -95.857], [166.291, -15.922]]}, "a": 0}}, {"hd": false, "ty": "fl", "o": {"k": 100, "a": 0}, "c": {"k": [0.929, 0.675, 0.667, 1], "a": 0}}, {"ty": "tr", "a": {"k": [0, 0], "a": 0}, "p": {"k": [0, 0], "a": 0}, "s": {"k": [100, 100], "a": 0}, "r": {"k": 0, "a": 0}, "o": {"k": 100, "a": 0}, "sk": {"k": 0, "a": 0}, "sa": {"k": 0, "a": 0}}]}, {"hd": false, "ty": "gr", "it": [{"hd": false, "ty": "sh", "ks": {"k": {"c": true, "i": [[-55.083, 3.638], [-22.172, -27.368], [47.288, -39.234]], "o": [[19.765, -1.305], [24.472, 30.208], [-49.528, 41.092]], "v": [[125.73, -143.021], [196.922, -118.078], [174.577, 10.795]]}, "a": 0}}, {"hd": false, "ty": "fl", "o": {"k": 100, "a": 0}, "c": {"k": [0.62, 0.463, 0.239, 1], "a": 0}}, {"ty": "tr", "a": {"k": [0, 0], "a": 0}, "p": {"k": [0, 0], "a": 0}, "s": {"k": [100, 100], "a": 0}, "r": {"k": 0, "a": 0}, "o": {"k": 100, "a": 0}, "sk": {"k": 0, "a": 0}, "sa": {"k": 0, "a": 0}}]}]}], "tgs": 1}