{"v": "5.5.2", "fr": 60, "ip": 0, "op": 180, "w": 512, "h": 512, "nm": "password_track", "ddd": 0, "assets": [], "layers": [{"ty": 3, "ks": {"p": {"k": [256, 256, 0], "a": 0}, "s": {"k": [95, 95, 100], "a": 0}, "o": {"k": 0, "a": 0}}, "ao": 0, "bm": 0, "ddd": 0, "ind": 5, "ip": 0, "op": 180, "st": 0, "sr": 1}, {"ty": 3, "ks": {"p": {"a": 1, "k": [{"t": 0, "i": {"x": [0.34], "y": [1]}, "o": {"x": [0.333], "y": [0]}, "s": [0, 0, 0], "ti": [0, 0, 0], "to": [0, 0, 0]}, {"t": 20, "i": {"x": [0.833], "y": [0.833]}, "o": {"x": [0.167], "y": [0.167]}, "s": [-31.579, 28.421, 0], "ti": [0, 0, 0], "to": [0, 0, 0]}, {"t": 160, "i": {"x": [0.34], "y": [1]}, "o": {"x": [0.66], "y": [0]}, "s": [28.421, 28.421, 0], "ti": [0, 0, 0], "to": [0, 0, 0]}, {"t": 180, "s": [0, 0, 0]}]}, "o": {"k": 0, "a": 0}}, "ao": 0, "bm": 0, "ddd": 0, "ind": 6, "ip": 0, "op": 180, "st": 0, "sr": 1, "parent": 11}, {"ty": 4, "ks": {"a": {"k": [-63.783, 7.296, 0], "a": 0}, "p": {"a": 1, "k": [{"t": 0, "i": {"x": [0.34], "y": [1]}, "o": {"x": [0.333], "y": [0]}, "s": [-63.783, 7.296, 0], "ti": [0, 0, 0], "to": [0, 0, 0]}, {"t": 20, "i": {"x": [0.34], "y": [1]}, "o": {"x": [0.167], "y": [0.167]}, "s": [-52.204, 7.296, 0], "ti": [0, 0, 0], "to": [0, 0, 0]}, {"t": 90, "i": {"x": [0.833], "y": [0.833]}, "o": {"x": [0.66], "y": [0]}, "s": [-57.995, 8.348, 0], "ti": [0, 0, 0], "to": [0, 0, 0]}, {"t": 160, "i": {"x": [0.34], "y": [1]}, "o": {"x": [0.66], "y": [0]}, "s": [-53.257, 9.401, 0], "ti": [0, 0, 0], "to": [0, 0, 0]}, {"t": 180, "s": [-63.783, 7.296, 0]}]}, "s": {"a": 1, "k": [{"t": 0, "i": {"x": [0.34], "y": [1]}, "o": {"x": [0.333], "y": [0]}, "s": [100, 100, 100]}, {"t": 20, "i": {"x": [0.833], "y": [0.833]}, "o": {"x": [0.167], "y": [0.167]}, "s": [87, 85, 100]}, {"t": 90, "i": {"x": [0.833], "y": [0.833]}, "o": {"x": [0.167], "y": [0.167]}, "s": [100, 90, 100]}, {"t": 160, "i": {"x": [0.667], "y": [1]}, "o": {"x": [0.167], "y": [0]}, "s": [100, 90, 100]}, {"t": 180, "s": [100, 100, 100]}]}, "r": {"k": [{"t": 0, "i": {"x": [0.34], "y": [1]}, "o": {"x": [0.333], "y": [0]}, "s": [0]}, {"t": 20, "i": {"x": [0.833], "y": [0.833]}, "o": {"x": [0.167], "y": [0.167]}, "s": [0]}, {"t": 160, "i": {"x": [0.34], "y": [1]}, "o": {"x": [0.66], "y": [0]}, "s": [0]}, {"t": 180, "s": [0]}], "a": 1}}, "ao": 0, "bm": 0, "ddd": 0, "ind": 7, "ip": 0, "op": 180, "st": 0, "sr": 1, "parent": 6, "shapes": [{"hd": false, "ty": "gr", "it": [{"hd": false, "ty": "gr", "it": [{"hd": false, "ty": "sh", "ks": {"k": {"c": true, "i": [[0, -11.871], [9.986, 0], [0, 7.079], [-9.986, 0]], "o": [[0, 7.079], [-9.986, 0], [0, -11.357], [9.986, 0]], "v": [[-46.701, 12.524], [-63.783, 33.272], [-80.865, 12.524], [-63.783, 11.875]]}, "a": 0}}, {"hd": false, "ty": "fl", "o": {"k": 100, "a": 0}, "c": {"k": [0.282, 0.286, 0.286, 1], "a": 0}}, {"ty": "tr", "a": {"k": [0, 0], "a": 0}, "p": {"k": [0, 0], "a": 0}, "s": {"k": [100, 100], "a": 0}, "r": {"k": 0, "a": 0}, "o": {"k": 100, "a": 0}, "sk": {"k": 0, "a": 0}, "sa": {"k": 0, "a": 0}}]}, {"hd": false, "ty": "gr", "it": [{"hd": false, "ty": "sh", "ks": {"k": {"c": true, "i": [[0, -3.629], [7.358, 0], [0, 5.828], [-7.358, 0]], "o": [[0, 5.701], [-7.358, 0], [0, -3.63], [7.358, 0]], "v": [[-50.461, -12.676], [-63.783, -11.535], [-77.106, -12.676], [-63.783, -23.45]]}, "a": 0}}, {"hd": false, "ty": "fl", "o": {"k": 100, "a": 0}, "c": {"k": [0.961, 0.961, 0.961, 1], "a": 0}}, {"ty": "tr", "a": {"k": [0, 0], "a": 0}, "p": {"k": [0, 0], "a": 0}, "s": {"k": [100, 100], "a": 0}, "r": {"k": 0, "a": 0}, "o": {"k": 100, "a": 0}, "sk": {"k": 0, "a": 0}, "sa": {"k": 0, "a": 0}}]}, {"hd": false, "ty": "gr", "it": [{"hd": false, "ty": "sh", "ks": {"k": {"c": true, "i": [[0, -19.516], [13.393, 0], [0, 19.516], [-13.393, 0]], "o": [[0, 19.516], [-13.393, 0], [0, -19.516], [13.393, 0]], "v": [[-39.533, 4.77], [-63.783, 40.106], [-88.033, 4.77], [-63.783, -30.566]]}, "a": 0}}, {"hd": false, "ty": "fl", "o": {"k": 100, "a": 0}, "c": {"k": [0.067, 0.067, 0.067, 1], "a": 0}}, {"ty": "tr", "a": {"k": [0, 0], "a": 0}, "p": {"k": [0, 0], "a": 0}, "s": {"k": [100, 100], "a": 0}, "r": {"k": 0, "a": 0}, "o": {"k": 100, "a": 0}, "sk": {"k": 0, "a": 0}, "sa": {"k": 0, "a": 0}}]}, {"ty": "tr", "a": {"k": [0, 0], "a": 0}, "p": {"k": [0, 0], "a": 0}, "s": {"k": [100, 100], "a": 0}, "r": {"k": 0, "a": 0}, "o": {"k": 100, "a": 0}, "sk": {"k": 0, "a": 0}, "sa": {"k": 0, "a": 0}}]}, {"hd": false, "ty": "gr", "it": [{"hd": false, "ty": "sh", "ks": {"k": {"c": true, "i": [[0, -19.516], [13.393, 0], [0, 19.516], [-13.393, 0]], "o": [[0, 19.516], [-13.393, 0], [0, -19.516], [13.393, 0]], "v": [[-38.523, 9.822], [-63.783, 45.158], [-89.044, 9.822], [-63.783, -25.514]]}, "a": 0}}, {"hd": false, "ty": "fl", "o": {"k": 100, "a": 0}, "c": {"k": [0.859, 0.749, 0.592, 1], "a": 0}}, {"ty": "tr", "a": {"k": [0, 0], "a": 0}, "p": {"k": [0, 0], "a": 0}, "s": {"k": [100, 100], "a": 0}, "r": {"k": 0, "a": 0}, "o": {"k": 100, "a": 0}, "sk": {"k": 0, "a": 0}, "sa": {"k": 0, "a": 0}}]}]}, {"ty": 4, "ks": {"a": {"k": [-63.783, 7.296, 0], "a": 0}, "p": {"a": 1, "k": [{"t": 0, "i": {"x": [0.34], "y": [1]}, "o": {"x": [0.333], "y": [0]}, "s": [73.842, 7.296, 0], "ti": [0, 0, 0], "to": [0, 0, 0]}, {"t": 20, "i": {"x": [0.667], "y": [1]}, "o": {"x": [0.167], "y": [0.167]}, "s": [73.842, 10.454, 0], "ti": [0, 0, 0], "to": [0, 0, 0]}, {"t": 90, "i": {"x": [0.833], "y": [0.833]}, "o": {"x": [0.333], "y": [0]}, "s": [74.896, 8.877, 0], "ti": [0, 0, 0], "to": [0, 0, 0]}, {"t": 160, "i": {"x": [0.34], "y": [1]}, "o": {"x": [0.66], "y": [0]}, "s": [66.473, 7.296, 0], "ti": [0, 0, 0], "to": [0, 0, 0]}, {"t": 180, "s": [73.842, 7.296, 0]}]}, "s": {"a": 1, "k": [{"t": 0, "i": {"x": [0.833], "y": [0.833]}, "o": {"x": [0.167], "y": [0.167]}, "s": [-100, 100, 100]}, {"t": 20, "i": {"x": [0.34], "y": [1]}, "o": {"x": [0.167], "y": [0]}, "s": [-100, 90, 100]}, {"t": 90, "i": {"x": [0.833], "y": [0.833]}, "o": {"x": [0.66], "y": [0]}, "s": [-100, 90, 100]}, {"t": 160, "i": {"x": [0.34], "y": [1]}, "o": {"x": [0.66], "y": [0]}, "s": [-80, 85, 100]}, {"t": 180, "s": [-100, 100, 100]}]}, "r": {"k": [{"t": 0, "i": {"x": [0.34], "y": [1]}, "o": {"x": [0.333], "y": [0]}, "s": [0]}, {"t": 20, "i": {"x": [0.833], "y": [0.833]}, "o": {"x": [0.167], "y": [0.167]}, "s": [0]}, {"t": 160, "i": {"x": [0.34], "y": [1]}, "o": {"x": [0.66], "y": [0]}, "s": [0]}, {"t": 180, "s": [0]}], "a": 1}}, "ao": 0, "bm": 0, "ddd": 0, "ind": 8, "ip": 0, "op": 180, "st": 0, "sr": 1, "parent": 6, "shapes": [{"hd": false, "ty": "gr", "it": [{"hd": false, "ty": "gr", "it": [{"hd": false, "ty": "sh", "ks": {"k": {"c": true, "i": [[0, -11.871], [9.986, 0], [0, 7.079], [-9.986, 0]], "o": [[0, 7.079], [-9.986, 0], [0, -11.357], [9.986, 0]], "v": [[-46.701, 12.524], [-63.783, 33.272], [-80.865, 12.524], [-63.783, 11.875]]}, "a": 0}}, {"hd": false, "ty": "fl", "o": {"k": 100, "a": 0}, "c": {"k": [0.282, 0.286, 0.286, 1], "a": 0}}, {"ty": "tr", "a": {"k": [0, 0], "a": 0}, "p": {"k": [0, 0], "a": 0}, "s": {"k": [100, 100], "a": 0}, "r": {"k": 0, "a": 0}, "o": {"k": 100, "a": 0}, "sk": {"k": 0, "a": 0}, "sa": {"k": 0, "a": 0}}]}, {"hd": false, "ty": "gr", "it": [{"hd": false, "ty": "sh", "ks": {"k": {"c": true, "i": [[0, -3.629], [7.358, 0], [0, 5.828], [-7.358, 0]], "o": [[0, 5.701], [-7.358, 0], [0, -3.63], [7.358, 0]], "v": [[-50.461, -12.676], [-63.783, -11.535], [-77.106, -12.676], [-63.783, -23.45]]}, "a": 0}}, {"hd": false, "ty": "fl", "o": {"k": 100, "a": 0}, "c": {"k": [0.961, 0.961, 0.961, 1], "a": 0}}, {"ty": "tr", "a": {"k": [0, 0], "a": 0}, "p": {"k": [0, 0], "a": 0}, "s": {"k": [100, 100], "a": 0}, "r": {"k": 0, "a": 0}, "o": {"k": 100, "a": 0}, "sk": {"k": 0, "a": 0}, "sa": {"k": 0, "a": 0}}]}, {"hd": false, "ty": "gr", "it": [{"hd": false, "ty": "sh", "ks": {"k": {"c": true, "i": [[0, -19.516], [13.393, 0], [0, 19.516], [-13.393, 0]], "o": [[0, 19.516], [-13.393, 0], [0, -19.516], [13.393, 0]], "v": [[-39.533, 4.77], [-63.783, 40.106], [-88.033, 4.77], [-63.783, -30.566]]}, "a": 0}}, {"hd": false, "ty": "fl", "o": {"k": 100, "a": 0}, "c": {"k": [0.067, 0.067, 0.067, 1], "a": 0}}, {"ty": "tr", "a": {"k": [0, 0], "a": 0}, "p": {"k": [0, 0], "a": 0}, "s": {"k": [100, 100], "a": 0}, "r": {"k": 0, "a": 0}, "o": {"k": 100, "a": 0}, "sk": {"k": 0, "a": 0}, "sa": {"k": 0, "a": 0}}]}, {"ty": "tr", "a": {"k": [0, 0], "a": 0}, "p": {"k": [0, 0], "a": 0}, "s": {"k": [100, 100], "a": 0}, "r": {"k": 0, "a": 0}, "o": {"k": 100, "a": 0}, "sk": {"k": 0, "a": 0}, "sa": {"k": 0, "a": 0}}]}, {"hd": false, "ty": "gr", "it": [{"hd": false, "ty": "sh", "ks": {"k": {"c": true, "i": [[0, -19.516], [13.393, 0], [0, 19.516], [-13.393, 0]], "o": [[0, 19.516], [-13.393, 0], [0, -19.516], [13.393, 0]], "v": [[-38.523, 9.822], [-63.783, 45.158], [-89.044, 9.822], [-63.783, -25.514]]}, "a": 0}}, {"hd": false, "ty": "fl", "o": {"k": 100, "a": 0}, "c": {"k": [0.859, 0.749, 0.592, 1], "a": 0}}, {"ty": "tr", "a": {"k": [0, 0], "a": 0}, "p": {"k": [0, 0], "a": 0}, "s": {"k": [100, 100], "a": 0}, "r": {"k": 0, "a": 0}, "o": {"k": 100, "a": 0}, "sk": {"k": 0, "a": 0}, "sa": {"k": 0, "a": 0}}]}]}, {"ty": 4, "ks": {"a": {"k": [5.883, 50.25, 0], "a": 0}, "p": {"a": 1, "k": [{"t": 0, "i": {"x": [0.34], "y": [1]}, "o": {"x": [0.333], "y": [0]}, "s": [5.883, 50.25, 0], "ti": [0, 0, 0], "to": [0, 0, 0]}, {"t": 20, "i": {"x": [0.833], "y": [0.833]}, "o": {"x": [0.167], "y": [0.167]}, "s": [-1.486, 70.25, 0], "ti": [0, 0, 0], "to": [0, 0, 0]}, {"t": 90, "i": {"x": [0.833], "y": [0.833]}, "o": {"x": [0.167], "y": [0.167]}, "s": [9.567, 66.566, 0], "ti": [0, 0, 0], "to": [0, 0, 0]}, {"t": 160, "i": {"x": [0.34], "y": [1]}, "o": {"x": [0.66], "y": [0]}, "s": [20.62, 64.987, 0], "ti": [0, 0, 0], "to": [0, 0, 0]}, {"t": 180, "s": [5.883, 50.25, 0]}]}, "r": {"k": [{"t": 0, "i": {"x": [0.34], "y": [1]}, "o": {"x": [0.333], "y": [0]}, "s": [0]}, {"t": 20, "i": {"x": [0.833], "y": [0.833]}, "o": {"x": [0.167], "y": [0.167]}, "s": [5]}, {"t": 160, "i": {"x": [0.34], "y": [1]}, "o": {"x": [0.66], "y": [0]}, "s": [-5]}, {"t": 180, "s": [0]}], "a": 1}}, "ao": 0, "bm": 0, "ddd": 0, "ind": 9, "ip": 0, "op": 180, "st": 0, "sr": 1, "parent": 6, "shapes": [{"hd": false, "ty": "gr", "it": [{"hd": false, "ty": "gr", "it": [{"hd": false, "ty": "sh", "ks": {"k": [{"t": 0, "i": {"x": [0.833], "y": [0.833]}, "o": {"x": [0.167], "y": [0.167]}, "s": [{"c": true, "i": [[2.511, -4.918], [0.213, -0.942], [-3.744, -1.911], [2.476, -4.893], [-0.478, 0.936], [3.948, 2.016]], "o": [[-0.469, 0.919], [2.519, -4.85], [3.744, 1.911], [0.643, -0.734], [2.511, -4.918], [-3.948, -2.016]], "v": [[13.327, 44.758], [12.3, 47.57], [24.125, 43.208], [25.922, 54.567], [27.623, 52.056], [25.019, 39.507]]}]}, {"t": 20, "i": {"x": [0.833], "y": [0.833]}, "o": {"x": [0.167], "y": [0.167]}, "s": [{"c": true, "i": [[2.606, -4.247], [0.221, -0.814], [-3.885, -1.651], [2.57, -4.225], [-0.496, 0.808], [4.097, 1.741]], "o": [[-0.487, 0.794], [2.614, -4.188], [3.885, 1.65], [0.667, -0.634], [2.606, -4.247], [-4.097, -1.741]], "v": [[13.502, 45.502], [12.436, 47.929], [24.707, 44.163], [26.572, 53.972], [28.337, 51.804], [25.635, 40.967]]}]}, {"t": 90, "i": {"x": [0.833], "y": [0.833]}, "o": {"x": [0.167], "y": [0.167]}, "s": [{"c": true, "i": [[2.511, -4.382], [0.213, -0.84], [-3.744, -1.703], [2.476, -4.36], [-0.478, 0.834], [3.948, 1.796]], "o": [[-0.469, 0.819], [2.519, -4.321], [3.744, 1.703], [0.643, -0.654], [2.511, -4.382], [-3.948, -1.796]], "v": [[13.327, 47.581], [12.3, 50.086], [24.125, 46.199], [25.922, 56.321], [27.623, 54.083], [25.019, 42.902]]}]}, {"t": 160, "i": {"x": [0.833], "y": [0.833]}, "o": {"x": [0.167], "y": [0.167]}, "s": [{"c": true, "i": [[2.07, -4.382], [0.176, -0.84], [-3.087, -1.703], [2.042, -4.36], [-0.394, 0.834], [3.255, 1.796]], "o": [[-0.387, 0.819], [2.077, -4.321], [3.087, 1.703], [0.53, -0.654], [2.07, -4.382], [-3.255, -1.796]], "v": [[15.491, 47.581], [14.644, 50.086], [24.392, 46.199], [25.874, 56.321], [27.276, 54.083], [25.13, 42.902]]}]}, {"t": 180, "s": [{"c": true, "i": [[2.511, -4.918], [0.213, -0.942], [-3.744, -1.911], [2.476, -4.893], [-0.478, 0.936], [3.948, 2.016]], "o": [[-0.469, 0.919], [2.519, -4.85], [3.744, 1.911], [0.643, -0.734], [2.511, -4.918], [-3.948, -2.016]], "v": [[13.327, 44.758], [12.3, 47.57], [24.125, 43.208], [25.922, 54.567], [27.623, 52.056], [25.019, 39.507]]}]}], "a": 1}}, {"hd": false, "ty": "fl", "o": {"k": 100, "a": 0}, "c": {"k": [0.212, 0.086, 0.035, 1], "a": 0}}, {"ty": "tr", "a": {"k": [0, 0], "a": 0}, "p": {"k": [0, 0], "a": 0}, "s": {"k": [100, 100], "a": 0}, "r": {"k": 0, "a": 0}, "o": {"k": 100, "a": 0}, "sk": {"k": 0, "a": 0}, "sa": {"k": 0, "a": 0}}]}, {"hd": false, "ty": "gr", "it": [{"hd": false, "ty": "sh", "ks": {"k": [{"t": 0, "i": {"x": [0.833], "y": [0.833]}, "o": {"x": [0.167], "y": [0.167]}, "s": [{"c": true, "i": [[2.509, -4.914], [-3.948, -2.015], [-2.509, 4.914], [3.948, 2.015]], "o": [[-2.509, 4.914], [3.948, 2.015], [2.509, -4.914], [-3.948, -2.015]], "v": [[13.326, 44.758], [15.931, 57.305], [27.621, 52.056], [25.016, 39.509]]}]}, {"t": 20, "i": {"x": [0.833], "y": [0.833]}, "o": {"x": [0.167], "y": [0.167]}, "s": [{"c": true, "i": [[2.604, -4.244], [-4.096, -1.74], [-2.604, 4.244], [4.096, 1.74]], "o": [[-2.604, 4.244], [4.096, 1.74], [2.604, -4.244], [-4.096, -1.74]], "v": [[13.501, 45.501], [16.204, 56.336], [28.336, 51.803], [25.632, 40.968]]}]}, {"t": 90, "i": {"x": [0.833], "y": [0.833]}, "o": {"x": [0.167], "y": [0.167]}, "s": [{"c": true, "i": [[2.509, -4.379], [-3.948, -1.796], [-2.509, 4.379], [3.948, 1.796]], "o": [[-2.509, 4.379], [3.948, 1.796], [2.509, -4.379], [-3.948, -1.796]], "v": [[13.326, 47.58], [15.931, 58.76], [27.621, 54.083], [25.016, 42.903]]}]}, {"t": 160, "i": {"x": [0.833], "y": [0.833]}, "o": {"x": [0.167], "y": [0.167]}, "s": [{"c": true, "i": [[2.068, -4.379], [-3.254, -1.796], [-2.068, 4.379], [3.254, 1.796]], "o": [[-2.068, 4.379], [3.254, 1.796], [2.068, -4.379], [-3.254, -1.796]], "v": [[15.49, 47.58], [17.637, 58.76], [27.275, 54.083], [25.127, 42.903]]}]}, {"t": 180, "s": [{"c": true, "i": [[2.509, -4.914], [-3.948, -2.015], [-2.509, 4.914], [3.948, 2.015]], "o": [[-2.509, 4.914], [3.948, 2.015], [2.509, -4.914], [-3.948, -2.015]], "v": [[13.326, 44.758], [15.931, 57.305], [27.621, 52.056], [25.016, 39.509]]}]}], "a": 1}}, {"hd": false, "ty": "fl", "o": {"k": 100, "a": 0}, "c": {"k": [0.404, 0.267, 0.188, 1], "a": 0}}, {"ty": "tr", "a": {"k": [0, 0], "a": 0}, "p": {"k": [0, 0], "a": 0}, "s": {"k": [100, 100], "a": 0}, "r": {"k": 0, "a": 0}, "o": {"k": 100, "a": 0}, "sk": {"k": 0, "a": 0}, "sa": {"k": 0, "a": 0}}]}, {"hd": false, "ty": "gr", "it": [{"hd": false, "ty": "sh", "ks": {"k": [{"t": 0, "i": {"x": [0.833], "y": [0.833]}, "o": {"x": [0.167], "y": [0.167]}, "s": [{"c": true, "i": [[3.93, -7.699], [-3.948, -2.015], [-2.812, 4.747], [3.948, 2.015]], "o": [[-2.509, 4.914], [3.948, 2.015], [4.225, -7.134], [-3.948, -2.015]], "v": [[12.111, 46.986], [15.567, 59.968], [27.169, 55.043], [25.661, 40.199]]}]}, {"t": 20, "i": {"x": [0.833], "y": [0.833]}, "o": {"x": [0.167], "y": [0.167]}, "s": [{"c": true, "i": [[4.079, -6.648], [-4.096, -1.74], [-2.918, 4.1], [4.096, 1.74]], "o": [[-2.604, 4.244], [4.096, 1.74], [4.385, -6.161], [-4.096, -1.74]], "v": [[12.24, 47.426], [15.826, 58.636], [27.866, 54.383], [26.301, 41.565]]}]}, {"t": 90, "i": {"x": [0.833], "y": [0.833]}, "o": {"x": [0.167], "y": [0.167]}, "s": [{"c": true, "i": [[3.93, -6.86], [-3.948, -1.796], [-2.812, 4.23], [3.948, 1.796]], "o": [[-2.509, 4.379], [3.948, 1.796], [4.225, -6.357], [-3.948, -1.796]], "v": [[12.111, 49.566], [15.567, 61.133], [27.169, 56.744], [25.661, 43.518]]}]}, {"t": 160, "i": {"x": [0.833], "y": [0.833]}, "o": {"x": [0.167], "y": [0.167]}, "s": [{"c": true, "i": [[3.24, -6.86], [-3.254, -1.796], [-2.318, 4.23], [3.254, 1.796]], "o": [[-2.068, 4.379], [3.254, 1.796], [3.483, -6.357], [-3.254, -1.796]], "v": [[14.488, 49.566], [17.337, 61.133], [26.902, 56.744], [25.659, 43.518]]}]}, {"t": 180, "s": [{"c": true, "i": [[3.93, -7.699], [-3.948, -2.015], [-2.812, 4.747], [3.948, 2.015]], "o": [[-2.509, 4.914], [3.948, 2.015], [4.225, -7.134], [-3.948, -2.015]], "v": [[12.111, 46.986], [15.567, 59.968], [27.169, 55.043], [25.661, 40.199]]}]}], "a": 1}}, {"hd": false, "ty": "fl", "o": {"k": 100, "a": 0}, "c": {"k": [0.941, 0.847, 0.706, 1], "a": 0}}, {"ty": "tr", "a": {"k": [0, 0], "a": 0}, "p": {"k": [0, 0], "a": 0}, "s": {"k": [100, 100], "a": 0}, "r": {"k": 0, "a": 0}, "o": {"k": 100, "a": 0}, "sk": {"k": 0, "a": 0}, "sa": {"k": 0, "a": 0}}]}, {"ty": "tr", "a": {"k": [0, 0], "a": 0}, "p": {"k": [0, 0], "a": 0}, "s": {"k": [100, 100], "a": 0}, "r": {"k": 0, "a": 0}, "o": {"k": 100, "a": 0}, "sk": {"k": 0, "a": 0}, "sa": {"k": 0, "a": 0}}]}, {"hd": false, "ty": "gr", "it": [{"hd": false, "ty": "gr", "it": [{"hd": false, "ty": "sh", "ks": {"k": [{"t": 0, "i": {"x": [0.833], "y": [0.833]}, "o": {"x": [0.167], "y": [0.167]}, "s": [{"c": true, "i": [[-2.511, -4.918], [-0.213, -0.942], [3.744, -1.911], [-2.476, -4.893], [0.478, 0.936], [-3.948, 2.016]], "o": [[0.469, 0.919], [-2.519, -4.85], [-3.744, 1.911], [-0.643, -0.734], [-2.511, -4.918], [3.948, -2.016]], "v": [[-1.485, 44.758], [-0.457, 47.57], [-12.282, 43.208], [-14.08, 54.567], [-15.78, 52.056], [-13.177, 39.507]]}]}, {"t": 20, "i": {"x": [0.833], "y": [0.833]}, "o": {"x": [0.167], "y": [0.167]}, "s": [{"c": true, "i": [[-2.067, -4.247], [-0.175, -0.814], [3.081, -1.651], [-2.038, -4.225], [0.393, 0.808], [-3.25, 1.741]], "o": [[0.386, 0.794], [-2.073, -4.188], [-3.081, 1.65], [-0.529, -0.634], [-2.067, -4.247], [3.25, -1.741]], "v": [[-4.486, 46.436], [-3.64, 48.863], [-13.373, 45.097], [-14.852, 54.906], [-16.251, 52.738], [-14.108, 41.901]]}]}, {"t": 90, "i": {"x": [0.833], "y": [0.833]}, "o": {"x": [0.167], "y": [0.167]}, "s": [{"c": true, "i": [[-2.511, -4.382], [-0.213, -0.84], [3.744, -1.703], [-2.476, -4.36], [0.478, 0.834], [-3.948, 1.796]], "o": [[0.469, 0.819], [-2.519, -4.321], [-3.744, 1.703], [-0.643, -0.654], [-2.511, -4.382], [3.948, -1.796]], "v": [[-1.485, 47.581], [-0.457, 50.086], [-12.282, 46.199], [-14.08, 56.321], [-15.78, 54.083], [-13.177, 42.902]]}]}, {"t": 160, "i": {"x": [0.833], "y": [0.833]}, "o": {"x": [0.167], "y": [0.167]}, "s": [{"c": true, "i": [[-2.511, -4.382], [-0.213, -0.84], [3.744, -1.703], [-2.476, -4.36], [0.478, 0.834], [-3.948, 1.796]], "o": [[0.469, 0.819], [-2.519, -4.321], [-3.744, 1.703], [-0.643, -0.654], [-2.511, -4.382], [3.948, -1.796]], "v": [[-1.485, 47.581], [-0.457, 50.086], [-12.282, 46.199], [-14.08, 56.321], [-15.78, 54.083], [-13.177, 42.902]]}]}, {"t": 180, "s": [{"c": true, "i": [[-2.511, -4.918], [-0.213, -0.942], [3.744, -1.911], [-2.476, -4.893], [0.478, 0.936], [-3.948, 2.016]], "o": [[0.469, 0.919], [-2.519, -4.85], [-3.744, 1.911], [-0.643, -0.734], [-2.511, -4.918], [3.948, -2.016]], "v": [[-1.485, 44.758], [-0.457, 47.57], [-12.282, 43.208], [-14.08, 54.567], [-15.78, 52.056], [-13.177, 39.507]]}]}], "a": 1}}, {"hd": false, "ty": "fl", "o": {"k": 100, "a": 0}, "c": {"k": [0.212, 0.086, 0.035, 1], "a": 0}}, {"ty": "tr", "a": {"k": [0, 0], "a": 0}, "p": {"k": [0, 0], "a": 0}, "s": {"k": [100, 100], "a": 0}, "r": {"k": 0, "a": 0}, "o": {"k": 100, "a": 0}, "sk": {"k": 0, "a": 0}, "sa": {"k": 0, "a": 0}}]}, {"hd": false, "ty": "gr", "it": [{"hd": false, "ty": "sh", "ks": {"k": [{"t": 0, "i": {"x": [0.833], "y": [0.833]}, "o": {"x": [0.167], "y": [0.167]}, "s": [{"c": true, "i": [[-2.509, -4.914], [3.948, -2.015], [2.509, 4.914], [-3.948, 2.015]], "o": [[2.509, 4.914], [-3.948, 2.015], [-2.509, -4.914], [3.948, -2.015]], "v": [[-1.484, 44.758], [-4.089, 57.305], [-15.779, 52.056], [-13.174, 39.509]]}]}, {"t": 20, "i": {"x": [0.833], "y": [0.833]}, "o": {"x": [0.167], "y": [0.167]}, "s": [{"c": true, "i": [[-2.065, -4.244], [3.249, -1.74], [2.065, 4.244], [-3.249, 1.74]], "o": [[2.065, 4.244], [-3.249, 1.74], [-2.065, -4.244], [3.249, -1.74]], "v": [[-4.485, 46.435], [-6.629, 57.27], [-16.25, 52.737], [-14.106, 41.902]]}]}, {"t": 90, "i": {"x": [0.833], "y": [0.833]}, "o": {"x": [0.167], "y": [0.167]}, "s": [{"c": true, "i": [[-2.509, -4.379], [3.948, -1.796], [2.509, 4.379], [-3.948, 1.796]], "o": [[2.509, 4.379], [-3.948, 1.796], [-2.509, -4.379], [3.948, -1.796]], "v": [[-1.484, 47.58], [-4.089, 58.76], [-15.779, 54.083], [-13.174, 42.903]]}]}, {"t": 160, "i": {"x": [0.833], "y": [0.833]}, "o": {"x": [0.167], "y": [0.167]}, "s": [{"c": true, "i": [[-2.509, -4.379], [3.948, -1.796], [2.509, 4.379], [-3.948, 1.796]], "o": [[2.509, 4.379], [-3.948, 1.796], [-2.509, -4.379], [3.948, -1.796]], "v": [[-1.484, 47.58], [-4.089, 58.76], [-15.779, 54.083], [-13.174, 42.903]]}]}, {"t": 180, "s": [{"c": true, "i": [[-2.509, -4.914], [3.948, -2.015], [2.509, 4.914], [-3.948, 2.015]], "o": [[2.509, 4.914], [-3.948, 2.015], [-2.509, -4.914], [3.948, -2.015]], "v": [[-1.484, 44.758], [-4.089, 57.305], [-15.779, 52.056], [-13.174, 39.509]]}]}], "a": 1}}, {"hd": false, "ty": "fl", "o": {"k": 100, "a": 0}, "c": {"k": [0.404, 0.267, 0.188, 1], "a": 0}}, {"ty": "tr", "a": {"k": [0, 0], "a": 0}, "p": {"k": [0, 0], "a": 0}, "s": {"k": [100, 100], "a": 0}, "r": {"k": 0, "a": 0}, "o": {"k": 100, "a": 0}, "sk": {"k": 0, "a": 0}, "sa": {"k": 0, "a": 0}}]}, {"hd": false, "ty": "gr", "it": [{"hd": false, "ty": "sh", "ks": {"k": [{"t": 0, "i": {"x": [0.833], "y": [0.833]}, "o": {"x": [0.167], "y": [0.167]}, "s": [{"c": true, "i": [[-3.93, -7.699], [3.948, -2.015], [2.812, 4.747], [-3.948, 2.015]], "o": [[2.509, 4.914], [-3.948, 2.015], [-4.225, -7.134], [3.948, -2.015]], "v": [[-0.269, 46.986], [-3.725, 59.968], [-15.327, 55.043], [-13.818, 40.199]]}]}, {"t": 20, "i": {"x": [0.833], "y": [0.833]}, "o": {"x": [0.167], "y": [0.167]}, "s": [{"c": true, "i": [[-3.235, -6.648], [3.249, -1.74], [2.314, 4.1], [-3.249, 1.74]], "o": [[2.065, 4.244], [-3.249, 1.74], [-3.478, -6.161], [3.249, -1.74]], "v": [[-3.485, 48.36], [-6.329, 59.569], [-15.878, 55.317], [-14.637, 42.499]]}]}, {"t": 90, "i": {"x": [0.833], "y": [0.833]}, "o": {"x": [0.167], "y": [0.167]}, "s": [{"c": true, "i": [[-3.93, -6.86], [3.948, -1.796], [2.812, 4.23], [-3.948, 1.796]], "o": [[2.509, 4.379], [-3.948, 1.796], [-4.225, -6.357], [3.948, -1.796]], "v": [[-0.269, 49.566], [-3.725, 61.133], [-15.327, 56.744], [-13.818, 43.518]]}]}, {"t": 160, "i": {"x": [0.833], "y": [0.833]}, "o": {"x": [0.167], "y": [0.167]}, "s": [{"c": true, "i": [[-3.93, -6.86], [3.948, -1.796], [2.812, 4.23], [-3.948, 1.796]], "o": [[2.509, 4.379], [-3.948, 1.796], [-4.225, -6.357], [3.948, -1.796]], "v": [[-0.269, 49.566], [-3.725, 61.133], [-15.327, 56.744], [-13.818, 43.518]]}]}, {"t": 180, "s": [{"c": true, "i": [[-3.93, -7.699], [3.948, -2.015], [2.812, 4.747], [-3.948, 2.015]], "o": [[2.509, 4.914], [-3.948, 2.015], [-4.225, -7.134], [3.948, -2.015]], "v": [[-0.269, 46.986], [-3.725, 59.968], [-15.327, 55.043], [-13.818, 40.199]]}]}], "a": 1}}, {"hd": false, "ty": "fl", "o": {"k": 100, "a": 0}, "c": {"k": [0.941, 0.847, 0.706, 1], "a": 0}}, {"ty": "tr", "a": {"k": [0, 0], "a": 0}, "p": {"k": [0, 0], "a": 0}, "s": {"k": [100, 100], "a": 0}, "r": {"k": 0, "a": 0}, "o": {"k": 100, "a": 0}, "sk": {"k": 0, "a": 0}, "sa": {"k": 0, "a": 0}}]}, {"ty": "tr", "a": {"k": [0, 0], "a": 0}, "p": {"k": [0, 0], "a": 0}, "s": {"k": [100, 100], "a": 0}, "r": {"k": 0, "a": 0}, "o": {"k": 100, "a": 0}, "sk": {"k": 0, "a": 0}, "sa": {"k": 0, "a": 0}}]}, {"hd": false, "ty": "gr", "it": [{"hd": false, "ty": "sh", "ks": {"k": [{"t": 0, "i": {"x": [0.833], "y": [0.833]}, "o": {"x": [0.167], "y": [0.167]}, "s": [{"c": true, "i": [[11.287, 0.292], [3.048, -1.351], [3.153, 1.398], [3.628, -0.094], [-0.105, -10.467], [-29.829, 0], [-0.445, 8.16]], "o": [[-3.628, -0.094], [-3.153, 1.398], [-3.048, -1.351], [-11.287, 0.292], [0.079, 7.902], [29.532, 0], [0.569, -10.452]], "v": [[23.934, 29.849], [11.849, 32.814], [-0.121, 32.814], [-12.206, 29.849], [-28.625, 47.042], [5.864, 70.656], [40.353, 47.042]]}]}, {"t": 20, "i": {"x": [0.833], "y": [0.833]}, "o": {"x": [0.167], "y": [0.167]}, "s": [{"c": true, "i": [[11.712, 0.252], [3.163, -1.167], [2.595, 1.207], [2.986, -0.081], [-0.086, -9.038], [-29.829, 0], [-0.461, 7.046]], "o": [[-3.765, -0.081], [-3.271, 1.207], [-2.509, -1.167], [-9.29, 0.252], [0.065, 6.824], [29.532, 0], [0.591, -9.025]], "v": [[24.509, 32.627], [11.968, 35.188], [-3.302, 35.551], [-13.249, 32.991], [-26.763, 47.838], [5.864, 67.865], [41.548, 47.474]]}]}, {"t": 90, "i": {"x": [0.833], "y": [0.833]}, "o": {"x": [0.167], "y": [0.167]}, "s": [{"c": true, "i": [[11.287, 0.26], [3.048, -1.204], [3.153, 1.245], [3.628, -0.084], [-0.105, -9.326], [-29.829, 0], [-0.445, 7.27]], "o": [[-3.628, -0.084], [-3.153, 1.245], [-3.048, -1.204], [-11.287, 0.26], [0.079, 7.041], [29.532, 0], [0.569, -9.313]], "v": [[23.934, 34.296], [11.849, 36.938], [-0.121, 36.938], [-12.206, 34.296], [-28.625, 49.616], [5.864, 70.656], [40.353, 49.616]]}]}, {"t": 160, "i": {"x": [0.833], "y": [0.833]}, "o": {"x": [0.167], "y": [0.167]}, "s": [{"c": true, "i": [[10.052, 0.26], [2.715, -1.204], [3.153, 1.245], [3.628, -0.084], [-0.105, -9.326], [-29.824, -0.55], [-0.396, 7.27]], "o": [[-3.231, -0.084], [-2.808, 1.245], [-3.048, -1.204], [-11.287, 0.26], [0.079, 7.041], [23.725, 0.437], [0.507, -9.313]], "v": [[22.268, 34.296], [11.505, 36.938], [-0.121, 36.938], [-12.206, 34.296], [-28.625, 49.616], [5.864, 70.656], [36.891, 49.616]]}]}, {"t": 180, "s": [{"c": true, "i": [[11.287, 0.292], [3.048, -1.351], [3.153, 1.398], [3.628, -0.094], [-0.105, -10.467], [-29.829, 0], [-0.445, 8.16]], "o": [[-3.628, -0.094], [-3.153, 1.398], [-3.048, -1.351], [-11.287, 0.292], [0.079, 7.902], [29.532, 0], [0.569, -10.452]], "v": [[23.934, 29.849], [11.849, 32.814], [-0.121, 32.814], [-12.206, 29.849], [-28.625, 47.042], [5.864, 70.656], [40.353, 47.042]]}]}], "a": 1}}, {"hd": false, "ty": "fl", "o": {"k": 100, "a": 0}, "c": {"k": [0.859, 0.749, 0.592, 1], "a": 0}}, {"ty": "tr", "a": {"k": [0, 0], "a": 0}, "p": {"k": [0, 0], "a": 0}, "s": {"k": [100, 100], "a": 0}, "r": {"k": 0, "a": 0}, "o": {"k": 100, "a": 0}, "sk": {"k": 0, "a": 0}, "sa": {"k": 0, "a": 0}}]}]}, {"ty": 4, "ks": {"a": {"k": [5.864, 107.189, 0], "a": 0}, "p": {"a": 1, "k": [{"t": 0, "i": {"x": [0.34], "y": [1]}, "o": {"x": [0.333], "y": [0]}, "s": [5.864, 107.189, 0], "ti": [0, 0, 0], "to": [0, 0, 0]}, {"t": 20, "i": {"x": [0.833], "y": [0.833]}, "o": {"x": [0.167], "y": [0.167]}, "s": [5.864, 118.768, 0], "ti": [0, 0, 0], "to": [0, 0, 0]}, {"t": 90, "i": {"x": [0.833], "y": [0.833]}, "o": {"x": [0.167], "y": [0.167]}, "s": [12.709, 118.768, 0], "ti": [0, 0, 0], "to": [0, 0, 0]}, {"t": 121, "i": {"x": [0.833], "y": [0.833]}, "o": {"x": [0.167], "y": [0.167]}, "s": [17.152, 118.768, 0], "ti": [0, 0, 0], "to": [0, 0, 0]}, {"t": 160, "i": {"x": [0.667], "y": [1]}, "o": {"x": [0.66], "y": [0]}, "s": [16.39, 118.768, 0], "ti": [0, 0, 0], "to": [0, 0, 0]}, {"t": 180, "s": [5.864, 107.189, 0]}]}}, "ao": 0, "bm": 0, "ddd": 0, "ind": 10, "ip": 0, "op": 180, "st": 0, "sr": 1, "parent": 6, "shapes": [{"hd": false, "ty": "gr", "it": [{"hd": false, "ty": "sh", "ks": {"k": [{"t": 0, "i": {"x": [0.34], "y": [1]}, "o": {"x": [0.333], "y": [0]}, "s": [{"c": true, "i": [[1.188, -2.439], [0.921, 0.417], [6.452, 0.59], [6.878, 0], [2.613, -0.213], [1.434, -0.652], [-0.372, -1.404], [-1.391, 0.611], [-6.645, 0.566], [-7.086, 0], [-2.685, -0.256], [-1.475, -0.645]], "o": [[0.378, -1.404], [-1.435, -0.65], [-2.605, -0.238], [-6.884, 0], [-6.452, 0.525], [-0.92, 0.418], [-1.188, -2.439], [1.479, -0.65], [2.688, -0.229], [7.086, 0], [6.639, 0.632], [1.396, 0.611]], "v": [[34.087, 94.056], [33.413, 91.171], [21.553, 89.807], [5.926, 89.257], [-9.991, 89.703], [-21.919, 91.171], [-22.598, 94.051], [-22.751, 89.003], [-10.911, 87.679], [5.926, 87.083], [22.498, 87.794], [34.24, 89.003]]}]}, {"t": 20, "i": {"x": [0.833], "y": [0.833]}, "o": {"x": [0.167], "y": [0.167]}, "s": [{"c": true, "i": [[1.017, -0.984], [0.74, 0.137], [5.016, -1.003], [5.593, 0.145], [2.029, 0.395], [1.204, -0.161], [-0.212, -0.564], [-1.167, 0.148], [-5.167, -0.995], [-5.762, -0.149], [-2.091, 0.414], [-1.186, -0.211]], "o": [[0.337, -0.558], [-1.153, -0.214], [-2.025, 0.405], [-5.598, -0.145], [-5.01, -0.975], [-0.773, 0.104], [-0.808, -1.014], [1.241, -0.158], [2.09, 0.403], [5.762, 0.149], [5.17, -1.023], [1.122, 0.2]], "v": [[28.803, 92.74], [28.316, 91.634], [19.599, 92.311], [6.09, 93.951], [-7.27, 92.32], [-16.157, 90.934], [-16.891, 92.001], [-16.693, 90.047], [-7.328, 91.453], [6.186, 93.108], [19.666, 91.443], [29.034, 90.766]]}]}, {"t": 90, "i": {"x": [0.833], "y": [0.833]}, "o": {"x": [0.167], "y": [0.167]}, "s": [{"c": true, "i": [[1.256, -2.534], [1.014, 0.402], [6.927, -1.686], [8.899, 0.328], [3.31, 0.598], [1.887, -0.603], [-0.414, -1.463], [-1.829, 0.563], [-8.426, -1.496], [-9.169, -0.338], [-2.887, 0.692], [-1.624, -0.62]], "o": [[0.388, -1.45], [-1.58, -0.626], [-2.797, 0.681], [-8.906, -0.328], [-8.173, -1.477], [-1.211, 0.387], [-1.42, -2.568], [1.944, -0.599], [3.408, 0.605], [9.169, 0.338], [7.137, -1.711], [1.538, 0.587]], "v": [[37.651, 91.831], [36.864, 88.893], [24.871, 90.643], [5.114, 92.575], [-16.163, 90.365], [-30.599, 88.025], [-31.617, 90.958], [-31.571, 85.752], [-16.566, 88.1], [5.219, 90.335], [25.141, 88.354], [37.729, 86.646]]}]}, {"t": 160, "i": {"x": [0.667], "y": [1]}, "o": {"x": [0.66], "y": [0]}, "s": [{"c": true, "i": [[0.95, -2.81], [1.167, 0.24], [7.456, -2.218], [10.941, -0.562], [4.156, 0.133], [2.245, -0.811], [-0.67, -1.462], [-2.179, 0.764], [-10.576, -0.313], [-11.273, 0.579], [-3.108, 0.914], [-1.865, -0.361]], "o": [[0.184, -1.552], [-1.819, -0.374], [-3.01, 0.896], [-10.95, 0.563], [-10.263, -0.329], [-1.44, 0.52], [-2.025, -2.496], [2.316, -0.812], [4.278, 0.126], [11.273, -0.58], [7.683, -2.259], [1.766, 0.342]], "v": [[42.841, 84.703], [41.504, 81.824], [28.447, 86.054], [6.063, 90.174], [-20.024, 90.406], [-38.1, 89.492], [-39.02, 92.61], [-39.544, 87.254], [-20.919, 88.139], [5.943, 87.862], [28.625, 83.676], [42.077, 79.374]]}]}, {"t": 180, "s": [{"c": true, "i": [[2.193, -4.476], [1.697, 0.768], [11.863, -1.475], [12.691, 0], [4.8, 0.596], [2.647, -1.192], [-0.687, -2.577], [-2.567, 1.122], [-12.216, -1.475], [-13.075, 0], [-4.941, 0.596], [-2.718, -1.192]], "o": [[0.697, -2.577], [-2.647, -1.192], [-4.789, 0.596], [-12.701, 0], [-11.852, -1.475], [-1.697, 0.768], [-2.193, -4.476], [2.728, -1.192], [4.941, 0.596], [13.075, 0], [12.216, -1.475], [2.576, 1.122]], "v": [[58.155, 95.404], [56.912, 90.109], [36.046, 93.282], [5.865, 95.192], [-24.327, 93.282], [-45.182, 90.109], [-46.435, 95.394], [-46.718, 86.128], [-25.226, 89.301], [5.865, 91.201], [36.956, 89.301], [58.437, 86.128]]}]}], "a": 1}}, {"hd": false, "ty": "fl", "o": {"k": 100, "a": 0}, "c": {"k": [0.016, 0, 0.004, 1], "a": 0}}, {"ty": "tr", "a": {"k": [0, 0], "a": 0}, "p": {"k": [0, 0], "a": 0}, "s": {"k": [100, 100], "a": 0}, "r": {"k": 0, "a": 0}, "o": {"k": 100, "a": 0}, "sk": {"k": 0, "a": 0}, "sa": {"k": 0, "a": 0}}]}, {"hd": false, "ty": "gr", "it": [{"hd": false, "ty": "sh", "ks": {"k": [{"t": 0, "i": {"x": [0.34], "y": [1]}, "o": {"x": [0.333], "y": [0]}, "s": [{"c": true, "i": [[0.676, 0], [6.173, 0], [4.992, 3.171], [-1.401, 0], [0, 0], [-6.229, -1.128]], "o": [[-4.927, 3.051], [-6.347, 0], [-0.236, 0], [6.404, 0], [0, 0], [1.339, 0.243]], "v": [[23.022, 105.559], [5.744, 111.007], [-11.941, 105.116], [-8.151, 106.691], [5.555, 107.59], [19.484, 106.941]]}]}, {"t": 20, "i": {"x": [0.833], "y": [0.833]}, "o": {"x": [0.167], "y": [0.167]}, "s": [{"c": true, "i": [[1.451, -0.113], [5.02, 0.13], [3.846, 1.534], [-1.083, -0.29], [-3.642, 0.125], [-3.577, 1.294]], "o": [[-4.069, 1.325], [-5.161, -0.134], [-0.191, -0.015], [5.789, 1.549], [5.19, -0.178], [-0.502, 0.234]], "v": [[20.57, 96.753], [5.352, 99.132], [-8.187, 96.863], [-4.341, 97.826], [7.524, 99.085], [25.156, 95.088]]}]}, {"t": 90, "i": {"x": [0.833], "y": [0.833]}, "o": {"x": [0.167], "y": [0.167]}, "s": [{"c": true, "i": [[1.436, -1.581], [7.987, 0.294], [6.305, 3.503], [-3.242, 0.796], [-6.061, 0.252], [-5.656, -2.505]], "o": [[-7.476, 4.197], [-8.211, -0.302], [-6.499, -3.529], [9.718, -2.101], [9.706, -0.35], [2.272, 0.633]], "v": [[27.076, 102.043], [1.752, 108.056], [-18.578, 102.846], [-19.762, 98.709], [-1.653, 95.626], [23.04, 97.634]]}]}, {"t": 160, "i": {"x": [0.667], "y": [1]}, "o": {"x": [0.66], "y": [0]}, "s": [{"c": true, "i": [[0.932, -3.228], [9.82, -0.505], [8.116, 2.964], [-5.032, 1.599], [-6.076, 0.443], [-9.806, -0.981]], "o": [[-9.452, 6.314], [-10.096, 0.519], [-13.083, -6.421], [9.354, -2.973], [12.987, -0.946], [5.231, 0.523]], "v": [[33.069, 97.061], [1.721, 108.089], [-22.824, 103.774], [-30.308, 95.764], [-12.589, 91.995], [18.845, 92.212]]}]}, {"t": 180, "s": [{"c": true, "i": [[1.87, -5.25], [11.39, 0], [9.21, 5.82], [-5.92, 2.3], [0, 0], [-10.91, -4.15]], "o": [[-9.09, 5.6], [-11.71, 0], [-1.77, -5.25], [11, -4.29], [0, 0], [5.82, 2.21]], "v": [[37.739, 116.517], [5.859, 126.517], [-26.771, 116.047], [-19.781, 101.617], [5.509, 103.267], [31.209, 102.077]]}]}], "a": 1}}, {"hd": false, "ty": "fl", "o": {"k": 100, "a": 0}, "c": {"k": [0.698, 0.275, 0.376, 1], "a": 0}}, {"ty": "tr", "a": {"k": [0, 0], "a": 0}, "p": {"k": [0, 0], "a": 0}, "s": {"k": [100, 100], "a": 0}, "r": {"k": 0, "a": 0}, "o": {"k": 100, "a": 0}, "sk": {"k": 0, "a": 0}, "sa": {"k": 0, "a": 0}}]}, {"hd": false, "ty": "gr", "it": [{"hd": false, "ty": "sh", "ks": {"k": [{"t": 0, "i": {"x": [0.34], "y": [1]}, "o": {"x": [0.333], "y": [0]}, "s": [{"c": true, "i": [[2, 0.88], [6.637, 0.633], [7.087, 0], [2.687, -0.229], [1.475, -0.649], [-2.5, -3.795], [-11.418, 0], [-3.544, 5.379]], "o": [[-1.475, -0.649], [-2.684, -0.256], [-7.087, 0], [-6.643, 0.567], [-2, 0.88], [3.544, 5.379], [11.418, 0], [2.5, -3.795]], "v": [[34.242, 89.001], [22.499, 87.793], [5.925, 87.084], [-10.913, 87.679], [-22.749, 89.001], [-20.634, 97.431], [5.746, 111.004], [32.127, 97.431]]}]}, {"t": 20, "i": {"x": [0.833], "y": [0.833]}, "o": {"x": [0.167], "y": [0.167]}, "s": [{"c": true, "i": [[1.607, 0.288], [5.168, -1.022], [5.763, 0.149], [2.089, 0.402], [1.238, -0.158], [-1.785, -1.619], [-9.285, -0.241], [-2.994, 2.195]], "o": [[-1.186, -0.213], [-2.09, 0.414], [-5.763, -0.149], [-5.166, -0.995], [-1.678, 0.214], [2.53, 2.294], [9.285, 0.241], [2.112, -1.548]], "v": [[29.035, 90.765], [19.666, 91.443], [6.185, 93.108], [-7.329, 91.453], [-16.691, 90.046], [-15.514, 93.426], [5.354, 99.131], [27.139, 94.11]]}]}, {"t": 90, "i": {"x": [0.833], "y": [0.833]}, "o": {"x": [0.167], "y": [0.167]}, "s": [{"c": true, "i": [[2.202, 0.846], [7.134, -1.709], [9.17, 0.338], [3.407, 0.605], [1.94, -0.598], [-3.052, -4.028], [-14.773, -0.544], [-3.779, 5.615]], "o": [[-1.625, -0.624], [-2.885, 0.691], [-9.17, -0.338], [-8.424, -1.495], [-2.63, 0.811], [4.325, 5.708], [14.773, 0.544], [2.666, -3.961]], "v": [[37.731, 86.644], [25.142, 88.353], [5.218, 90.337], [-16.568, 88.099], [-31.567, 85.751], [-29.238, 94.533], [1.755, 108.053], [35.568, 95.346]]}]}, {"t": 160, "i": {"x": [0.667], "y": [1]}, "o": {"x": [0.66], "y": [0]}, "s": [{"c": true, "i": [[2.531, 0.494], [7.681, -2.256], [11.274, -0.58], [4.276, 0.126], [2.311, -0.811], [-4.187, -3.831], [-18.163, 0.934], [-3.187, 6.396]], "o": [[-1.867, -0.365], [-3.106, 0.913], [-11.274, 0.58], [-10.573, -0.312], [-3.133, 1.099], [5.935, 5.43], [18.163, -0.934], [2.249, -4.513]], "v": [[42.079, 79.372], [28.625, 83.675], [5.942, 87.864], [-20.922, 88.139], [-39.54, 87.252], [-35.708, 96.043], [1.725, 108.086], [41.153, 88.66]]}]}, {"t": 180, "s": [{"c": true, "i": [[3.69, 1.615], [12.212, -1.472], [13.077, 0], [4.939, 0.595], [2.722, -1.191], [-4.613, -6.966], [-21.068, 0], [-6.539, 9.873]], "o": [[-2.722, -1.191], [-4.939, 0.595], [-13.077, 0], [-12.212, -1.472], [-3.69, 1.615], [6.539, 9.873], [21.068, 0], [4.614, -6.966]], "v": [[58.441, 86.126], [36.956, 89.3], [5.864, 91.203], [-25.229, 89.3], [-46.713, 86.126], [-42.811, 101.598], [5.863, 126.512], [54.538, 101.598]]}]}], "a": 1}}, {"hd": false, "ty": "fl", "o": {"k": 100, "a": 0}, "c": {"k": [0.247, 0.039, 0.141, 1], "a": 0}}, {"ty": "tr", "a": {"k": [0, 0], "a": 0}, "p": {"k": [0, 0], "a": 0}, "s": {"k": [100, 100], "a": 0}, "r": {"k": 0, "a": 0}, "o": {"k": 100, "a": 0}, "sk": {"k": 0, "a": 0}, "sa": {"k": 0, "a": 0}}]}, {"hd": false, "ty": "gr", "it": [{"hd": false, "ty": "sh", "ks": {"k": [{"t": 0, "i": {"x": [0.34], "y": [1]}, "o": {"x": [0.333], "y": [0]}, "s": [{"c": true, "i": [[3.188, 0.413], [6.882, 0.687], [7.357, 0], [2.786, -0.25], [1.597, -0.464], [-2.595, -3.795], [-11.852, 0], [-3.679, 5.379]], "o": [[-1.648, -0.214], [-2.783, -0.278], [-7.357, 0], [-6.889, 0.618], [-3.048, 0.885], [3.678, 5.379], [11.852, 0], [2.595, -3.795]], "v": [[34.242, 89.001], [22.653, 90.081], [5.925, 89.286], [-11.089, 89.965], [-22.749, 89.001], [-21.823, 100.948], [5.733, 115.682], [33.554, 101.21]]}]}, {"t": 20, "i": {"x": [0.833], "y": [0.833]}, "o": {"x": [0.167], "y": [0.167]}, "s": [{"c": true, "i": [[2.583, 0.074], [5.369, -1.05], [5.982, 0.155], [2.17, 0.413], [1.325, -0.079], [-2.386, -3.93], [-7.235, -0.257], [-3.03, 3.731]], "o": [[-1.336, -0.038], [-2.171, 0.425], [-5.982, -0.155], [-5.367, -1.021], [-2.529, 0.15], [3.381, 5.571], [7.377, 0.262], [2.898, -3.569]], "v": [[29.035, 90.765], [20.509, 92.2], [6.088, 93.963], [-8.177, 92.214], [-16.691, 90.046], [-17.383, 94.585], [6.044, 102.764], [28.688, 96.663]]}]}, {"t": 90, "i": {"x": [0.833], "y": [0.833]}, "o": {"x": [0.167], "y": [0.167]}, "s": [{"c": true, "i": [[3.494, 0.335], [7.409, -1.743], [9.518, 0.351], [3.538, 0.615], [2.088, -0.401], [-3.174, -4.032], [-15.334, -0.565], [-3.927, 5.618]], "o": [[-1.806, -0.173], [-2.996, 0.705], [-9.518, -0.351], [-8.747, -1.521], [-3.987, 0.766], [4.499, 5.715], [15.334, 0.565], [2.77, -3.964]], "v": [[37.731, 86.644], [26.114, 90.524], [5.112, 92.605], [-17.617, 90.283], [-31.567, 85.751], [-30.51, 99.394], [1.222, 115.316], [36.399, 100.422]]}]}, {"t": 160, "i": {"x": [0.667], "y": [1]}, "o": {"x": [0.66], "y": [0]}, "s": [{"c": true, "i": [[3.85, -0.249], [7.978, -2.31], [11.702, -0.602], [4.438, 0.118], [2.514, -0.624], [-4.338, -3.824], [-18.853, 0.969], [-3.346, 6.425]], "o": [[-1.99, 0.129], [-3.227, 0.934], [-11.702, 0.602], [-10.973, -0.291], [-4.8, 1.191], [6.149, 5.419], [18.853, -0.969], [2.361, -4.533]], "v": [[42.079, 79.372], [29.794, 85.846], [6.064, 90.205], [-21.818, 90.533], [-39.54, 87.252], [-36.41, 102.429], [1.776, 115.02], [42.073, 94.869]]}]}, {"t": 180, "s": [{"c": true, "i": [[5.883, 0.759], [12.676, -1.472], [13.573, 0], [5.127, 0.595], [2.946, -0.851], [-4.788, -6.966], [-21.868, 0], [-6.787, 9.873]], "o": [[-3.042, -0.392], [-5.126, 0.595], [-13.574, 0], [-12.676, -1.472], [-5.624, 1.625], [6.787, 9.873], [21.868, 0], [4.789, -6.966]], "v": [[58.441, 86.126], [38.137, 93.341], [5.864, 95.245], [-26.41, 93.341], [-46.713, 86.126], [-43.649, 106.65], [5.863, 132.575], [55.376, 106.65]]}]}], "a": 1}}, {"hd": false, "ty": "fl", "o": {"k": 100, "a": 0}, "c": {"k": [1, 0.957, 0.914, 1], "a": 0}}, {"ty": "tr", "a": {"k": [0, 0], "a": 0}, "p": {"k": [0, 0], "a": 0}, "s": {"k": [100, 100], "a": 0}, "r": {"k": 0, "a": 0}, "o": {"k": 100, "a": 0}, "sk": {"k": 0, "a": 0}, "sa": {"k": 0, "a": 0}}]}, {"hd": false, "ty": "gr", "it": [{"hd": false, "ty": "gr", "it": [{"hd": false, "ty": "sh", "ks": {"k": [{"t": 0, "i": {"x": [0.34], "y": [1]}, "o": {"x": [0.333], "y": [0]}, "s": [{"c": true, "i": [[2, 0.88], [6.637, 0.633], [7.087, 0], [2.687, -0.229], [1.475, -0.649], [-2.5, -3.795], [-11.418, 0], [-3.544, 5.379]], "o": [[-1.475, -0.649], [-2.684, -0.256], [-7.087, 0], [-6.643, 0.567], [-2, 0.88], [3.544, 5.379], [11.418, 0], [2.5, -3.795]], "v": [[35.881, 85.862], [23.167, 84.726], [5.922, 83.945], [-11.558, 84.606], [-24.395, 85.862], [-22.277, 95.229], [5.746, 108.802], [33.769, 95.229]]}]}, {"t": 20, "i": {"x": [0.833], "y": [0.833]}, "o": {"x": [0.167], "y": [0.167]}, "s": [{"c": true, "i": [[1.949, 0.987], [6.41, -1.835], [7.077, 0.384], [2.587, 0.759], [1.508, -0.568], [-1.785, -1.619], [-9.285, -0.241], [-2.994, 2.195]], "o": [[-1.438, -0.728], [-2.592, 0.742], [-7.077, -0.384], [-6.398, -1.876], [-2.045, 0.77], [2.53, 2.294], [9.285, 0.241], [2.112, -1.548]], "v": [[30.955, 88.569], [19.615, 89.611], [6.244, 91.503], [-4.363, 90.244], [-17.917, 88.065], [-16.706, 92.475], [5.451, 98.277], [28.521, 93.206]]}]}, {"t": 90, "i": {"x": [0.833], "y": [0.833]}, "o": {"x": [0.167], "y": [0.167]}, "s": [{"c": true, "i": [[2.202, 0.846], [7.134, -1.709], [9.17, 0.338], [3.407, 0.605], [1.94, -0.598], [-3.052, -4.028], [-14.773, -0.544], [-3.779, 5.615]], "o": [[-1.625, -0.624], [-2.885, 0.691], [-9.17, -0.338], [-8.424, -1.495], [-2.63, 0.811], [4.325, 5.708], [14.773, 0.544], [2.666, -3.961]], "v": [[39.534, 83.874], [24.815, 85.631], [5.37, 87.603], [-16.245, 85.392], [-33.541, 82.938], [-31.257, 92.187], [1.861, 105.786], [37.325, 93.043]]}]}, {"t": 160, "i": {"x": [0.667], "y": [1]}, "o": {"x": [0.66], "y": [0]}, "s": [{"c": true, "i": [[2.531, 0.494], [7.681, -2.256], [11.274, -0.58], [4.276, 0.126], [2.311, -0.811], [-4.187, -3.831], [-18.163, 0.934], [-3.187, 6.396]], "o": [[-1.867, -0.365], [-3.106, 0.913], [-11.274, 0.58], [-10.573, -0.312], [-3.133, 1.099], [5.935, 5.43], [18.163, -0.934], [2.249, -4.513]], "v": [[43.611, 76.712], [28.213, 81.367], [5.82, 85.522], [-21.044, 85.797], [-42.275, 85.045], [-38.444, 93.836], [1.603, 105.744], [42.685, 86]]}]}, {"t": 180, "s": [{"c": true, "i": [[3.69, 1.615], [12.212, -1.472], [13.077, 0], [4.939, 0.595], [2.722, -1.191], [-4.613, -6.966], [-21.068, 0], [-6.539, 9.873]], "o": [[-2.722, -1.191], [-4.939, 0.595], [-13.077, 0], [-12.212, -1.472], [-3.69, 1.615], [6.539, 9.873], [21.068, 0], [4.614, -6.966]], "v": [[61.472, 82.084], [36.956, 85.258], [5.864, 87.162], [-25.229, 85.258], [-49.744, 82.084], [-45.842, 97.556], [5.863, 122.47], [57.569, 97.556]]}]}], "a": 1}}, {"hd": false, "ty": "fl", "o": {"k": 100, "a": 0}, "c": {"k": [0.859, 0.749, 0.592, 1], "a": 0}}, {"ty": "tr", "a": {"k": [0, 0], "a": 0}, "p": {"k": [0, 0], "a": 0}, "s": {"k": [100, 100], "a": 0}, "r": {"k": 0, "a": 0}, "o": {"k": 100, "a": 0}, "sk": {"k": 0, "a": 0}, "sa": {"k": 0, "a": 0}}]}, {"ty": "tr", "a": {"k": [0, 0], "a": 0}, "p": {"k": [0, 0], "a": 0}, "s": {"k": [100, 100], "a": 0}, "r": {"k": 0, "a": 0}, "o": {"k": 100, "a": 0}, "sk": {"k": 0, "a": 0}, "sa": {"k": 0, "a": 0}}]}]}, {"ty": 4, "ks": {"a": {"k": [5.303, 144.067, 0], "a": 0}, "p": {"k": [5.303, 144.067, 0], "a": 0}}, "ao": 0, "bm": 0, "ddd": 0, "ind": 11, "ip": 0, "op": 180, "st": 0, "sr": 1, "parent": 5, "shapes": [{"hd": false, "ty": "gr", "it": [{"hd": false, "ty": "sh", "ks": {"k": [{"t": 0, "i": {"x": [0.34], "y": [1]}, "o": {"x": [0.333], "y": [0]}, "s": [{"c": false, "i": [[0, 0], [-10.992, -6.96], [0, 0], [-16.976, 11.779], [-18.657, 4.78]], "o": [[17.211, 5.126], [18.61, 11.782], [0, 0], [10.182, -7.065], [0, 0]], "v": [[-70.986, 150.908], [-27.847, 165.744], [5.303, 176.601], [37.654, 165.544], [81.313, 150.908]]}]}, {"t": 20, "i": {"x": [0.833], "y": [0.833]}, "o": {"x": [0.167], "y": [0.167]}, "s": [{"c": false, "i": [[0, 0], [-11.59, -7.414], [0, 0], [-14.698, 7.139], [-18.287, 2.781]], "o": [[11.917, 5.276], [19.623, 12.552], [0, 0], [7.38, -3.585], [0, 0]], "v": [[-89.369, 144.471], [-53.673, 162.62], [-18.121, 174.858], [16.833, 167.523], [52.16, 156.423]]}]}, {"t": 90, "i": {"x": [0.833], "y": [0.833]}, "o": {"x": [0.167], "y": [0.167]}, "s": [{"c": false, "i": [[0, 0], [-11.217, -6.89], [-6.694, 0.755], [-13.943, 10.142], [-18.221, 7.812]], "o": [[14.564, 5.201], [18.99, 11.665], [4.881, -0.55], [7.645, -5.735], [0, 0]], "v": [[-58.434, 154.392], [-25.997, 166.584], [11.457, 177.72], [43.851, 165.709], [81.342, 150.935]]}]}, {"t": 160, "i": {"x": [0.34], "y": [1]}, "o": {"x": [0.66], "y": [0]}, "s": [{"c": false, "i": [[0, 0], [-11.922, -2.112], [-12.765, 1.265], [-13.733, 9.717], [-18.156, 12.771]], "o": [[17.174, 5.127], [20.184, 3.575], [9.308, -0.922], [8.229, -5.822], [0, 0]], "v": [[-39.353, 157.947], [-4.021, 162.991], [35.085, 170.353], [69.022, 158.414], [107.404, 133.141]]}]}, {"t": 180, "s": [{"c": false, "i": [[0, 0], [-10.992, -6.96], [0, 0], [-16.976, 11.779], [-18.657, 4.78]], "o": [[17.211, 5.126], [18.61, 11.782], [0, 0], [10.182, -7.065], [0, 0]], "v": [[-70.986, 150.908], [-27.847, 165.744], [5.303, 176.601], [37.654, 165.544], [81.313, 150.908]]}]}], "a": 1}}, {"hd": false, "ty": "st", "lc": 2, "lj": 2, "o": {"k": 100, "a": 0}, "w": {"k": 8, "a": 0}, "c": {"k": [0.698, 0.584, 0.447, 1], "a": 0}}, {"ty": "tr", "a": {"k": [0, 0], "a": 0}, "p": {"k": [0, 0], "a": 0}, "s": {"k": [100, 100], "a": 0}, "r": {"k": 0, "a": 0}, "o": {"k": 100, "a": 0}, "sk": {"k": 0, "a": 0}, "sa": {"k": 0, "a": 0}}]}, {"hd": false, "ty": "gr", "it": [{"hd": false, "ty": "sh", "ks": {"k": [{"t": 0, "i": {"x": [0.34], "y": [1]}, "o": {"x": [0.333], "y": [0]}, "s": [{"c": true, "i": [[-24.85, 4.01], [2.81, -4.07], [4.9, -0.67], [10.74, -7.45], [0, 0], [16.98, 11.78], [7.38, 1.01], [3.407, 3.585], [1.57, 5.1], [-14.42, -8.27], [-8.4, 5.66]], "o": [[-1.671, 6.6], [-2.81, 4.07], [-7.38, 1.01], [-16.97, 11.78], [0, 0], [-10.73, -7.45], [-4.9, -0.67], [-3.841, -4.041], [12.31, 3.41], [17.93, 10.29], [7.89, -5.32]], "v": [[91.856, 131.627], [83.799, 149.584], [68.549, 154.317], [37.649, 165.547], [5.299, 176.597], [-27.051, 165.547], [-57.941, 154.317], [-72.457, 150.111], [-81.201, 131.67], [-17.101, 154.037], [28.949, 154.037]]}]}, {"t": 20, "i": {"x": [0.833], "y": [0.833]}, "o": {"x": [0.167], "y": [0.167]}, "s": [{"c": true, "i": [[-24.85, 4.01], [2.81, -4.07], [4.9, -0.67], [7.289, -3.787], [0, 0], [17.838, 12.486], [4.657, 1.734], [3.407, 3.585], [1.57, 5.1], [-17.85, -8.275], [-8.4, 5.66]], "o": [[-1.671, 6.6], [-2.81, 4.07], [-7.38, 1.01], [-14.468, 7.517], [0, 0], [-11.275, -7.893], [-4.634, -1.727], [-3.841, -4.041], [11.925, 5.234], [22.198, 10.29], [7.89, -5.32]], "v": [[61.653, 139.769], [52.808, 154.837], [50.165, 158.256], [16.829, 167.525], [-18.125, 174.854], [-52.792, 162.456], [-83.678, 147.618], [-87.426, 144.856], [-98.469, 124.185], [-47.396, 153.643], [4.814, 154.431]]}]}, {"t": 90, "i": {"x": [0.833], "y": [0.833]}, "o": {"x": [0.167], "y": [0.167]}, "s": [{"c": true, "i": [[-21.116, 6.554], [2.81, -4.07], [4.354, -1.912], [7.815, -6.052], [0, 0], [17.273, 11.577], [6.018, 1.372], [3.407, 3.585], [1.57, 5.1], [-16.234, -6.813], [-10.473, 7.85]], "o": [[-1.671, 6.6], [-2.81, 4.07], [-7.812, 3.919], [-13.825, 10.331], [0, 0], [-10.918, -7.318], [-4.767, -1.198], [-3.841, -4.041], [11.925, 5.236], [26.755, 10.877], [8.681, -6.45]], "v": [[87.149, 133.888], [81.988, 149.348], [77.23, 153.675], [43.847, 165.712], [11.453, 177.717], [-25.152, 166.45], [-51.171, 156.947], [-56.487, 154.779], [-65.723, 137.499], [-13.565, 157.023], [45.039, 152.058]]}]}, {"t": 160, "i": {"x": [0.34], "y": [1]}, "o": {"x": [0.66], "y": [0]}, "s": [{"c": true, "i": [[-17.436, 9.061], [2.81, -4.07], [3.816, -3.137], [8.675, -6.139], [0, 0], [18.575, 3.951], [7.36, 1.015], [3.407, 3.585], [1.57, 5.1], [-14.642, -4.542], [-12.516, 8.448]], "o": [[-1.671, 6.6], [-2.81, 4.07], [-8.237, 6.787], [-13.729, 9.716], [0, 0], [-11.741, -2.497], [-4.898, -0.678], [-3.841, -4.041], [11.925, 5.238], [31.247, 9.675], [9.461, -6.386]], "v": [[113.319, 112.787], [106.6, 132.525], [99.759, 137.291], [69.018, 158.417], [35.082, 170.351], [-3.268, 162.678], [-17.572, 159.917], [-37.403, 158.334], [-46.934, 141.285], [14.784, 153.302], [72.427, 142.515]]}]}, {"t": 180, "s": [{"c": true, "i": [[-24.85, 4.01], [2.81, -4.07], [4.9, -0.67], [10.74, -7.45], [0, 0], [16.98, 11.78], [7.38, 1.01], [3.407, 3.585], [1.57, 5.1], [-14.42, -8.27], [-8.4, 5.66]], "o": [[-1.671, 6.6], [-2.81, 4.07], [-7.38, 1.01], [-16.97, 11.78], [0, 0], [-10.73, -7.45], [-4.9, -0.67], [-3.841, -4.041], [12.31, 3.41], [17.93, 10.29], [7.89, -5.32]], "v": [[91.856, 131.627], [83.799, 149.584], [68.549, 154.317], [37.649, 165.547], [5.299, 176.597], [-27.051, 165.547], [-57.941, 154.317], [-72.457, 150.111], [-81.201, 131.67], [-17.101, 154.037], [28.949, 154.037]]}]}], "a": 1}}, {"hd": false, "ty": "fl", "o": {"k": 100, "a": 0}, "c": {"k": [0.62, 0.463, 0.239, 1], "a": 0}}, {"ty": "tr", "a": {"k": [0, 0], "a": 0}, "p": {"k": [0, 0], "a": 0}, "s": {"k": [100, 100], "a": 0}, "r": {"k": 0, "a": 0}, "o": {"k": 11, "a": 0}, "sk": {"k": 0, "a": 0}, "sa": {"k": 0, "a": 0}}]}, {"hd": false, "ty": "gr", "it": [{"hd": false, "ty": "sh", "ks": {"k": [{"t": 0, "i": {"x": [0.34], "y": [1]}, "o": {"x": [0.333], "y": [0]}, "s": [{"c": true, "i": [[51.445, 12.472], [11.245, -13.381], [2.922, 3.477], [38.8, -9.406], [-5.196, -23.384], [-28.607, -10.289], [0.785, -3.583], [-16.2, -23.457], [-4.902, -0.674], [-10.738, -7.451], [0, 0], [-16.975, 11.779], [-7.382, 1.015], [-2.812, 4.072], [3.47, 15.845], [-3.452, 1.242], [-4.853, 21.841]], "o": [[-38.801, -9.406], [-2.922, 3.477], [-11.245, -13.381], [-51.445, 12.472], [4.854, 21.841], [3.452, 1.242], [-3.47, 15.845], [2.812, 4.072], [7.382, 1.015], [16.975, 11.779], [0, 0], [10.737, -7.451], [4.902, -0.674], [16.2, -23.457], [-0.785, -3.583], [28.607, -10.289], [5.197, -23.384]], "v": [[88.579, -75.949], [10.891, -45.909], [-0.285, -45.909], [-77.973, -75.949], [-132.017, 4.597], [-80.556, 57.662], [-75.875, 66.071], [-70.075, 146.877], [-57.943, 154.316], [-27.048, 165.544], [5.303, 176.601], [37.654, 165.544], [68.548, 153.316], [80.68, 146.877], [86.481, 66.071], [91.162, 57.662], [142.623, 4.597]]}]}, {"t": 20, "i": {"x": [0.833], "y": [0.833]}, "o": {"x": [0.167], "y": [0.167]}, "s": [{"c": true, "i": [[56.478, 10.772], [11.245, -11.558], [2.922, 3.003], [29.193, -5.044], [-1.651, -23.642], [-28.607, -10.289], [0.785, -3.583], [-11.514, -17.678], [-4.902, -0.674], [-11.284, -7.894], [0, 0], [-14.528, 7.426], [-7.382, 1.015], [-2.119, 4.472], [-9.613, 26.277], [-3.578, 0.809], [-7.366, 31.728]], "o": [[-42.596, -8.125], [-2.922, 3.003], [-11.245, -11.558], [-27.428, 4.739], [1.542, 22.083], [3.452, 1.241], [-3.47, 15.845], [2.701, 4.147], [7.382, 1.015], [17.838, 12.479], [0, 0], [6.521, -3.333], [4.902, -0.674], [10.121, -21.355], [1.258, -3.445], [30.413, -6.879], [7.887, -33.97]], "v": [[68.29, -21.352], [-24.303, 10.893], [-35.478, 10.893], [-102.046, -23.16], [-135.705, 34.244], [-100.516, 88.128], [-95.835, 96.537], [-85.044, 141.622], [-82.498, 147.092], [-52.788, 162.453], [-18.121, 174.858], [16.833, 167.523], [50.164, 157.256], [49.689, 152.129], [53.914, 97.85], [58.595, 89.441], [122.669, 44.587]]}]}, {"t": 90, "i": {"x": [0.833], "y": [0.833]}, "o": {"x": [0.167], "y": [0.167]}, "s": [{"c": true, "i": [[42.499, 7.368], [11.245, -11.798], [2.922, 3.066], [36.255, -6.612], [-3.555, -21.167], [-28.607, -10.289], [0.785, -3.583], [-11.509, -17.672], [-4.902, -0.674], [-10.926, -7.319], [0, 0], [-13.858, 10.286], [-7.848, 3.264], [-1.715, 4.622], [-3.071, 21.061], [-3.515, 1.025], [-4.608, 26.082]], "o": [[-32.053, -5.557], [-2.922, 3.066], [-11.245, -11.798], [-46.231, 8.456], [3.321, 19.771], [3.452, 1.242], [-3.47, 15.845], [2.7, 4.147], [7.382, 1.015], [17.273, 11.571], [0, 0], [7.431, -5.824], [4.513, -1.704], [7.352, -19.017], [0.237, -3.514], [29.51, -8.584], [4.606, -23.978]], "v": [[92.829, -22], [16.978, 7.294], [5.803, 7.294], [-79.789, -24.136], [-125.22, 36.758], [-71.063, 91.068], [-66.381, 99.477], [-54.105, 151.545], [-50.582, 156.684], [-25.148, 166.447], [11.457, 177.72], [43.851, 165.709], [77.265, 153.766], [78.869, 146.641], [84.013, 94.607], [88.694, 86.198], [138.553, 41.26]]}]}, {"t": 160, "i": {"x": [0.34], "y": [1]}, "o": {"x": [0.66], "y": [0]}, "s": [{"c": true, "i": [[25.701, 4.013], [11.245, -12.034], [2.922, 3.127], [38.764, -7.506], [-5.173, -23.076], [-28.607, -10.289], [0.785, -3.583], [-11.505, -17.666], [-4.902, -0.674], [-11.748, -2.496], [0, 0], [-13.73, 9.721], [-8.307, 5.481], [-2.076, 4.491], [1.869, 16.855], [-3.09, 1.238], [-1.706, 22.317]], "o": [[-19.384, -3.026], [-2.922, 3.127], [-11.245, -12.034], [-51.371, 9.948], [4.832, 21.554], [3.452, 1.241], [-3.47, 15.845], [2.7, 4.147], [7.382, 1.015], [18.573, 3.946], [0, 0], [8.668, -6.137], [4.13, -2.72], [7.275, -15.74], [-0.412, -3.642], [25.612, -10.265], [1.228, -16.058]], "v": [[112.756, -22.639], [57.669, 3.748], [46.494, 3.748], [-55.172, -25.099], [-103.905, 43.585], [-36.842, 96.56], [-32.16, 104.969], [-35.021, 155.1], [-17.565, 159.913], [-3.265, 162.675], [35.085, 170.353], [69.022, 158.414], [99.829, 138.459], [105.036, 129.47], [113.682, 91.411], [113.961, 83.002], [143.72, 34.722]]}]}, {"t": 180, "s": [{"c": true, "i": [[51.445, 12.472], [11.245, -13.381], [2.922, 3.477], [38.8, -9.406], [-5.196, -23.384], [-28.607, -10.289], [0.785, -3.583], [-16.2, -23.457], [-4.902, -0.674], [-10.738, -7.451], [0, 0], [-16.975, 11.779], [-7.382, 1.015], [-2.812, 4.072], [3.47, 15.845], [-3.452, 1.242], [-4.853, 21.841]], "o": [[-38.801, -9.406], [-2.922, 3.477], [-11.245, -13.381], [-51.445, 12.472], [4.854, 21.841], [3.452, 1.242], [-3.47, 15.845], [2.812, 4.072], [7.382, 1.015], [16.975, 11.779], [0, 0], [10.737, -7.451], [4.902, -0.674], [16.2, -23.457], [-0.785, -3.583], [28.607, -10.289], [5.197, -23.384]], "v": [[88.579, -75.949], [10.891, -45.909], [-0.285, -45.909], [-77.973, -75.949], [-132.017, 4.597], [-80.556, 57.662], [-75.875, 66.071], [-70.075, 146.877], [-57.943, 154.316], [-27.048, 165.544], [5.303, 176.601], [37.654, 165.544], [68.548, 153.316], [80.68, 146.877], [86.481, 66.071], [91.162, 57.662], [142.623, 4.597]]}]}], "a": 1}}, {"hd": false, "ty": "st", "lc": 1, "lj": 1, "ml": 10, "o": {"k": 100, "a": 0}, "w": {"k": 8, "a": 0}, "c": {"k": [0.941, 0.847, 0.702, 1], "a": 0}}, {"ty": "tr", "a": {"k": [0, 0], "a": 0}, "p": {"k": [0, 0], "a": 0}, "s": {"k": [100, 100], "a": 0}, "r": {"k": 0, "a": 0}, "o": {"k": 100, "a": 0}, "sk": {"k": 0, "a": 0}, "sa": {"k": 0, "a": 0}}]}, {"hd": false, "ty": "gr", "it": [{"hd": false, "ty": "sh", "ks": {"k": [{"t": 0, "i": {"x": [0.34], "y": [1]}, "o": {"x": [0.333], "y": [0]}, "s": [{"c": true, "i": [[-6.695, -15.921], [5.747, -3.178], [22.493, 4.591], [6.631, -1.555], [16.983, 8.766], [-3.144, 6.284], [-28.696, 7.38], [-11.25, -13.38], [-2.92, 3.48], [-38.8, -9.4]], "o": [[2.546, 6.053], [-39.7, 21.954], [-6.674, -1.362], [-56.127, 13.163], [-6.244, -3.223], [5.486, -10.965], [38.664, -9.944], [2.92, 3.48], [11.25, -13.38], [26.786, 6.499]], "v": [[134.093, -35.971], [128.458, -19.704], [14.574, -11.647], [-5.621, -11.396], [-116.496, -21.256], [-122.192, -38.41], [-76.315, -72.759], [-0.282, -45.913], [10.887, -45.913], [87.791, -72.245]]}]}, {"t": 20, "i": {"x": [0.833], "y": [0.833]}, "o": {"x": [0.167], "y": [0.167]}, "s": [{"c": true, "i": [[-5.004, -8.325], [6.396, -2.745], [22.493, 3.965], [6.796, 0.395], [14.379, 1.024], [-8.034, 6.68], [-17.189, -1.254], [-11.238, -11.569], [-2.923, 3.003], [-42.6, -8.13]], "o": [[3.08, 5.124], [-44.184, 18.963], [-6.674, -1.176], [-25.168, -1.463], [-16.883, -1.202], [9.541, -7.933], [20.785, 1.516], [2.92, 3.006], [11.25, -11.557], [29.412, 5.613]], "v": [[108.161, 5.372], [101.89, 19.422], [-18.584, 31.862], [-38.779, 32.078], [-94.428, 5.977], [-124.5, -11.613], [-92.396, -20.793], [-35.546, 10.96], [-24.376, 10.96], [67.383, -18.075]]}]}, {"t": 90, "i": {"x": [0.833], "y": [0.833]}, "o": {"x": [0.167], "y": [0.167]}, "s": [{"c": true, "i": [[-7.251, -6.149], [5.872, -2.326], [22.493, 4.047], [6.714, -0.502], [16.307, 4.015], [-6.23, 5.852], [-23.691, 2.323], [-11.238, -11.808], [-2.923, 3.065], [-32.058, -5.562]], "o": [[5.992, 4.424], [-40.293, 15.973], [-6.674, -1.201], [-40.648, 5.189], [-12.298, -1.889], [8.274, -8.349], [30.629, -3.216], [2.92, 3.068], [11.25, -11.797], [22.134, 3.84]], "v": [[118.226, -5.669], [107.38, 10.454], [22.425, 27.39], [2.23, 27.611], [-89.895, 12.313], [-109.951, -3.463], [-72.523, -21.702], [5.733, 7.287], [16.903, 7.287], [92.058, -20.411]]}]}, {"t": 160, "i": {"x": [0.34], "y": [1]}, "o": {"x": [0.66], "y": [0]}, "s": [{"c": true, "i": [[-8.5, -3.973], [4.787, -1.908], [22.493, 4.13], [6.631, -1.399], [16.983, 7.007], [-3.144, 5.023], [-28.696, 5.9], [-11.238, -12.048], [-2.923, 3.127], [-19.255, -2.993]], "o": [[7.97, 3.725], [-32.576, 12.984], [-6.674, -1.225], [-56.127, 11.841], [-6.244, -2.576], [5.486, -8.765], [38.664, -7.949], [2.92, 3.13], [11.25, -12.036], [13.295, 2.066]], "v": [[122.845, -16.709], [109.044, 1.486], [63.433, 22.918], [43.238, 23.143], [-82.88, 18.648], [-89.102, 4.687], [-53.204, -22.612], [47.011, 3.613], [58.181, 3.613], [112.501, -22.747]]}]}, {"t": 180, "s": [{"c": true, "i": [[-6.695, -15.921], [5.747, -3.178], [22.493, 4.591], [6.631, -1.555], [16.983, 8.766], [-3.144, 6.284], [-28.696, 7.38], [-11.25, -13.38], [-2.92, 3.48], [-38.8, -9.4]], "o": [[2.546, 6.053], [-39.7, 21.954], [-6.674, -1.362], [-56.127, 13.163], [-6.244, -3.223], [5.486, -10.965], [38.664, -9.944], [2.92, 3.48], [11.25, -13.38], [26.786, 6.499]], "v": [[134.093, -35.971], [128.458, -19.704], [14.574, -11.647], [-5.621, -11.396], [-116.496, -21.256], [-122.192, -38.41], [-76.315, -72.759], [-0.282, -45.913], [10.887, -45.913], [87.791, -72.245]]}]}], "a": 1}}, {"hd": false, "ty": "fl", "o": {"k": 100, "a": 0}, "c": {"k": [0.859, 0.749, 0.592, 1], "a": 0}}, {"ty": "tr", "a": {"k": [0, 0], "a": 0}, "p": {"k": [0, 0], "a": 0}, "s": {"k": [100, 100], "a": 0}, "r": {"k": 0, "a": 0}, "o": {"k": 100, "a": 0}, "sk": {"k": 0, "a": 0}, "sa": {"k": 0, "a": 0}}]}, {"hd": false, "ty": "gr", "it": [{"hd": false, "ty": "sh", "ks": {"k": [{"t": 0, "i": {"x": [0.34], "y": [1]}, "o": {"x": [0.333], "y": [0]}, "s": [{"c": true, "i": [[51.445, 12.472], [11.245, -13.381], [2.922, 3.477], [38.8, -9.406], [-5.196, -23.384], [-28.607, -10.289], [0.785, -3.583], [-16.2, -23.457], [-4.902, -0.674], [-10.738, -7.451], [0, 0], [-16.975, 11.779], [-7.382, 1.015], [-2.812, 4.072], [3.47, 15.845], [-3.452, 1.242], [-4.853, 21.841]], "o": [[-38.801, -9.406], [-2.922, 3.477], [-11.245, -13.381], [-51.445, 12.472], [4.854, 21.841], [3.452, 1.242], [-3.47, 15.845], [2.812, 4.072], [7.382, 1.015], [16.975, 11.779], [0, 0], [10.737, -7.451], [4.902, -0.674], [16.2, -23.457], [-0.785, -3.583], [28.607, -10.289], [5.197, -23.384]], "v": [[88.579, -75.949], [10.891, -45.909], [-0.285, -45.909], [-77.973, -75.949], [-132.017, 4.597], [-80.556, 57.662], [-75.875, 66.071], [-70.075, 146.877], [-57.943, 154.316], [-27.048, 165.544], [5.303, 176.601], [37.654, 165.544], [68.548, 154.316], [80.68, 146.877], [86.481, 66.071], [91.162, 57.662], [142.623, 4.597]]}]}, {"t": 20, "i": {"x": [0.833], "y": [0.833]}, "o": {"x": [0.167], "y": [0.167]}, "s": [{"c": true, "i": [[56.478, 10.772], [11.245, -11.558], [2.922, 3.003], [33.966, -5.652], [-1.651, -23.642], [-28.607, -10.289], [0.785, -3.583], [-16.2, -23.457], [-4.902, -0.674], [-11.284, -7.894], [0, 0], [-14.094, 8.101], [-7.382, 1.015], [-1.927, 4.558], [-10.401, 26.277], [-3.581, 0.796], [-7.366, 31.728]], "o": [[-42.596, -8.125], [-2.922, 3.003], [-11.245, -11.558], [-28.481, 4.739], [1.542, 22.083], [3.452, 1.241], [-3.47, 15.845], [2.812, 4.072], [7.382, 1.015], [17.839, 12.479], [0, 0], [8.915, -5.124], [4.902, -0.674], [8.808, -20.829], [1.348, -3.41], [30.939, -6.879], [7.887, -33.97]], "v": [[68.289, -21.352], [-24.303, 10.893], [-35.478, 10.893], [-102.046, -23.16], [-135.705, 34.244], [-100.516, 88.128], [-95.835, 96.537], [-85.044, 141.622], [-82.498, 147.092], [-52.788, 162.453], [-18.121, 174.858], [16.833, 167.523], [50.164, 158.256], [49.689, 152.129], [53.914, 97.85], [58.595, 89.441], [122.669, 44.587]]}]}, {"t": 90, "i": {"x": [0.833], "y": [0.833]}, "o": {"x": [0.167], "y": [0.167]}, "s": [{"c": true, "i": [[42.499, 7.368], [11.245, -11.798], [2.922, 3.066], [38.832, -7.706], [-3.555, -21.167], [-28.607, -10.289], [0.785, -3.583], [-16.2, -23.457], [-4.902, -0.674], [-10.926, -7.319], [0, 0], [-13.641, 10.623], [-7.549, 4.053], [-1.575, 4.676], [-3.465, 21.061], [-3.516, 1.019], [-5.708, 25.871]], "o": [[-32.053, -5.557], [-2.922, 3.066], [-11.245, -11.798], [-46.22, 9.147], [3.321, 19.771], [3.452, 1.242], [-3.47, 15.845], [2.812, 4.072], [7.382, 1.015], [17.273, 11.571], [0, 0], [8.628, -6.72], [4.273, -2.011], [6.432, -18.359], [0.282, -3.497], [29.773, -8.584], [6.111, -27.698]], "v": [[92.829, -22], [16.978, 7.294], [5.803, 7.294], [-79.789, -24.136], [-125.22, 36.758], [-71.063, 91.068], [-66.381, 99.477], [-54.105, 151.545], [-50.582, 156.684], [-25.148, 166.447], [11.457, 177.72], [43.851, 165.709], [77.229, 153.675], [78.869, 146.641], [84.013, 94.607], [88.694, 86.198], [138.114, 42.313]]}]}, {"t": 160, "i": {"x": [0.34], "y": [1]}, "o": {"x": [0.66], "y": [0]}, "s": [{"c": true, "i": [[25.701, 4.013], [11.245, -12.034], [2.922, 3.127], [38.801, -7.522], [-5.173, -23.076], [-28.607, -10.289], [0.785, -3.583], [-11.295, -18.521], [-4.902, -0.674], [-11.748, -2.496], [0, 0], [-13.732, 9.72], [-7.713, 7.048], [-1.993, 4.529], [3.371, 15.919], [-3.09, 1.238], [-3.645, 21.899]], "o": [[-19.384, -3.026], [-2.922, 3.127], [-11.245, -12.034], [-51.37, 9.958], [4.832, 21.554], [3.452, 1.241], [-3.47, 15.845], [2.576, 4.225], [7.382, 1.015], [18.573, 3.946], [0, 0], [8.686, -6.148], [3.653, -3.329], [6.622, -15.049], [-0.77, -3.582], [25.616, -10.265], [3.903, -23.446]], "v": [[112.756, -22.639], [57.669, 3.748], [46.494, 3.748], [-55.172, -25.099], [-103.905, 43.585], [-36.842, 96.56], [-32.16, 104.969], [-35.021, 155.1], [-17.565, 159.913], [-3.265, 162.675], [35.085, 170.353], [69.022, 158.414], [99.758, 137.291], [105.036, 129.47], [113.682, 91.411], [113.961, 83.002], [142.939, 36.812]]}]}, {"t": 180, "s": [{"c": true, "i": [[51.445, 12.472], [11.245, -13.381], [2.922, 3.477], [38.8, -9.406], [-5.196, -23.384], [-28.607, -10.289], [0.785, -3.583], [-16.2, -23.457], [-4.902, -0.674], [-10.738, -7.451], [0, 0], [-16.975, 11.779], [-7.382, 1.015], [-2.812, 4.072], [3.47, 15.845], [-3.452, 1.242], [-4.853, 21.841]], "o": [[-38.801, -9.406], [-2.922, 3.477], [-11.245, -13.381], [-51.445, 12.472], [4.854, 21.841], [3.452, 1.242], [-3.47, 15.845], [2.812, 4.072], [7.382, 1.015], [16.975, 11.779], [0, 0], [10.737, -7.451], [4.902, -0.674], [16.2, -23.457], [-0.785, -3.583], [28.607, -10.289], [5.197, -23.384]], "v": [[88.579, -75.949], [10.891, -45.909], [-0.285, -45.909], [-77.973, -75.949], [-132.017, 4.597], [-80.556, 57.662], [-75.875, 66.071], [-70.075, 146.877], [-57.943, 154.316], [-27.048, 165.544], [5.303, 176.601], [37.654, 165.544], [68.548, 154.316], [80.68, 146.877], [86.481, 66.071], [91.162, 57.662], [142.623, 4.597]]}]}], "a": 1}}, {"hd": false, "ty": "fl", "o": {"k": 100, "a": 0}, "c": {"k": [0.941, 0.847, 0.702, 1], "a": 0}}, {"ty": "tr", "a": {"k": [0, 0], "a": 0}, "p": {"k": [0, 0], "a": 0}, "s": {"k": [100, 100], "a": 0}, "r": {"k": 0, "a": 0}, "o": {"k": 100, "a": 0}, "sk": {"k": 0, "a": 0}, "sa": {"k": 0, "a": 0}}]}, {"hd": false, "ty": "gr", "it": [{"hd": false, "ty": "sh", "ks": {"k": [{"t": 0, "i": {"x": [0.34], "y": [1]}, "o": {"x": [0.333], "y": [0]}, "s": [{"c": true, "i": [[24.154, 48.305], [13.203, 43.885], [77.248, 0], [15.205, -50.539], [21.999, -43.995], [-198.638, 0]], "o": [[-21.999, -43.995], [-15.205, -50.539], [-78.08, 0], [-13.203, 43.885], [-24.154, 48.305], [198.638, 0]], "v": [[169.587, -20.913], [146.026, -110.813], [5.303, -207.093], [-135.42, -110.813], [-158.981, -20.913], [5.303, 159.087]]}]}, {"t": 20, "i": {"x": [0.833], "y": [0.833]}, "o": {"x": [0.167], "y": [0.167]}, "s": [{"c": true, "i": [[24.154, 48.305], [13.203, 43.885], [77.248, 0], [15.205, -50.539], [16.359, -45.579], [-188.023, 0]], "o": [[-21.999, -43.995], [-15.205, -50.539], [-78.08, 0], [-13.203, 43.885], [-17.961, 50.045], [188.023, 0]], "v": [[169.587, -20.913], [146.026, -110.813], [5.303, -207.093], [-135.42, -110.813], [-149.542, -17.661], [5.418, 159.087]]}]}, {"t": 90, "i": {"x": [0.833], "y": [0.833]}, "o": {"x": [0.167], "y": [0.167]}, "s": [{"c": true, "i": [[24.154, 48.305], [13.203, 43.885], [77.248, 0], [15.205, -50.539], [21.999, -43.995], [-194.826, 0]], "o": [[-21.999, -43.995], [-15.205, -50.539], [-78.08, 0], [-13.203, 43.885], [-24.154, 48.305], [194.826, 0]], "v": [[167.219, -19.07], [146.026, -110.813], [5.303, -207.093], [-135.42, -110.813], [-158.981, -20.913], [6.753, 160.139]]}]}, {"t": 160, "i": {"x": [0.34], "y": [1]}, "o": {"x": [0.66], "y": [0]}, "s": [{"c": true, "i": [[24.154, 48.305], [13.203, 43.885], [77.248, 0], [15.205, -50.539], [21.999, -43.995], [-182.194, 0]], "o": [[-21.999, -43.995], [-15.205, -50.539], [-78.08, 0], [-13.203, 43.885], [-24.154, 48.305], [182.194, 0]], "v": [[161.166, -14.465], [146.026, -110.813], [5.303, -207.093], [-135.42, -110.813], [-158.981, -20.913], [-11.141, 159.218]]}]}, {"t": 180, "s": [{"c": true, "i": [[24.154, 48.305], [13.203, 43.885], [77.248, 0], [15.205, -50.539], [21.999, -43.995], [-198.638, 0]], "o": [[-21.999, -43.995], [-15.205, -50.539], [-78.08, 0], [-13.203, 43.885], [-24.154, 48.305], [198.638, 0]], "v": [[169.587, -20.913], [146.026, -110.813], [5.303, -207.093], [-135.42, -110.813], [-158.981, -20.913], [5.303, 159.087]]}]}], "a": 1}}, {"hd": false, "ty": "st", "lc": 1, "lj": 1, "ml": 10, "o": {"k": 100, "a": 0}, "w": {"k": 8, "a": 0}, "c": {"k": [0.369, 0.259, 0.122, 1], "a": 0}}, {"ty": "tr", "a": {"k": [0, 0], "a": 0}, "p": {"k": [0, 0], "a": 0}, "s": {"k": [100, 100], "a": 0}, "r": {"k": 0, "a": 0}, "o": {"k": 100, "a": 0}, "sk": {"k": 0, "a": 0}, "sa": {"k": 0, "a": 0}}]}, {"hd": false, "ty": "gr", "it": [{"hd": false, "ty": "gr", "it": [{"hd": false, "ty": "sh", "ks": {"k": [{"t": 0, "i": {"x": [0.34], "y": [1]}, "o": {"x": [0.333], "y": [0]}, "s": [{"c": false, "i": [[0, 0], [-7.633, -2.073]], "o": [[0, 0], [0, 0]], "v": [[41.579, -186.44], [54.078, -183.608]]}]}, {"t": 20, "i": {"x": [0.833], "y": [0.833]}, "o": {"x": [0.167], "y": [0.167]}, "s": [{"c": false, "i": [[0, 0], [-6.911, -3.848]], "o": [[0, 0], [0, 0]], "v": [[41.475, -186.389], [52.926, -180.634]]}]}, {"t": 90, "i": {"x": [0.833], "y": [0.833]}, "o": {"x": [0.167], "y": [0.167]}, "s": [{"c": false, "i": [[0, 0], [-7.279, -3.094]], "o": [[0, 0], [0, 0]], "v": [[41.41, -186.344], [53.406, -181.835]]}]}, {"t": 160, "i": {"x": [0.34], "y": [1]}, "o": {"x": [0.66], "y": [0]}, "s": [{"c": false, "i": [[0, 0], [-7.633, -2.073]], "o": [[0, 0], [0, 0]], "v": [[41.579, -186.44], [54.078, -183.608]]}]}, {"t": 180, "s": [{"c": false, "i": [[0, 0], [-7.633, -2.073]], "o": [[0, 0], [0, 0]], "v": [[41.579, -186.44], [54.078, -183.608]]}]}], "a": 1}}, {"hd": false, "ty": "st", "lc": 2, "lj": 2, "o": {"k": 100, "a": 0}, "w": {"k": 6, "a": 0}, "c": {"k": [1, 1, 1, 1], "a": 0}}, {"ty": "tr", "a": {"k": [0, 0], "a": 0}, "p": {"k": [0, 0], "a": 0}, "s": {"k": [100, 100], "a": 0}, "r": {"k": 0, "a": 0}, "o": {"k": 100, "a": 0}, "sk": {"k": 0, "a": 0}, "sa": {"k": 0, "a": 0}}]}, {"hd": false, "ty": "gr", "it": [{"hd": false, "ty": "sh", "ks": {"k": [{"t": 0, "i": {"x": [0.34], "y": [1]}, "o": {"x": [0.333], "y": [0]}, "s": [{"c": false, "i": [[0, 0], [-1.612, -0.576]], "o": [[1.511, 0.494], [0, 0]], "v": [[62.717, -181.024], [67.407, -179.42]]}]}, {"t": 20, "i": {"x": [0.833], "y": [0.833]}, "o": {"x": [0.167], "y": [0.167]}, "s": [{"c": false, "i": [[0, 0], [-1.426, -0.947]], "o": [[1.348, 0.843], [0, 0]], "v": [[60.69, -176.048], [64.856, -173.363]]}]}, {"t": 90, "i": {"x": [0.833], "y": [0.833]}, "o": {"x": [0.167], "y": [0.167]}, "s": [{"c": false, "i": [[0, 0], [-1.518, -0.791]], "o": [[1.43, 0.695], [0, 0]], "v": [[61.612, -178.097], [66.039, -175.869]]}]}, {"t": 160, "i": {"x": [0.34], "y": [1]}, "o": {"x": [0.66], "y": [0]}, "s": [{"c": false, "i": [[0, 0], [-1.612, -0.576]], "o": [[1.511, 0.494], [0, 0]], "v": [[62.717, -181.024], [67.407, -179.42]]}]}, {"t": 180, "s": [{"c": false, "i": [[0, 0], [-1.612, -0.576]], "o": [[1.511, 0.494], [0, 0]], "v": [[62.717, -181.024], [67.407, -179.42]]}]}], "a": 1}}, {"hd": false, "ty": "st", "lc": 2, "lj": 2, "o": {"k": 100, "a": 0}, "w": {"k": 6, "a": 0}, "c": {"k": [1, 1, 1, 1], "a": 0}}, {"ty": "tr", "a": {"k": [0, 0], "a": 0}, "p": {"k": [0, 0], "a": 0}, "s": {"k": [100, 100], "a": 0}, "r": {"k": 0, "a": 0}, "o": {"k": 100, "a": 0}, "sk": {"k": 0, "a": 0}, "sa": {"k": 0, "a": 0}}]}, {"ty": "tr", "a": {"k": [0, 0], "a": 0}, "p": {"k": [0, 0], "a": 0}, "s": {"k": [100, 100], "a": 0}, "r": {"k": 0, "a": 0}, "o": {"k": 100, "a": 0}, "sk": {"k": 0, "a": 0}, "sa": {"k": 0, "a": 0}}]}, {"hd": false, "ty": "gr", "it": [{"hd": false, "ty": "sh", "ks": {"k": [{"t": 0, "i": {"x": [0.34], "y": [1]}, "o": {"x": [0.333], "y": [0]}, "s": [{"c": true, "i": [[0, -23.536], [50.223, 0], [0, 23.536], [-50.223, 0]], "o": [[0, 23.536], [-50.223, 0], [0, -23.536], [50.223, 0]], "v": [[96.859, -148.606], [5.921, -105.99], [-85.016, -148.606], [5.921, -191.222]]}]}, {"t": 20, "i": {"x": [0.833], "y": [0.833]}, "o": {"x": [0.167], "y": [0.167]}, "s": [{"c": true, "i": [[4.194, -31.921], [66.685, 2.228], [1.486, 23.489], [-50.223, 0]], "o": [[-3.066, 23.336], [-72.763, -2.431], [-2.352, -37.184], [50.223, 0]], "v": [[87.385, -129.658], [-13.553, -72.832], [-100.806, -126.5], [5.921, -191.222]]}]}, {"t": 90, "i": {"x": [0.833], "y": [0.833]}, "o": {"x": [0.167], "y": [0.167]}, "s": [{"c": true, "i": [[-3.087, -30.801], [58.454, 1.114], [0.743, 27.464], [-50.223, 0]], "o": [[3.722, 26.71], [-61.493, -1.216], [-1.176, -34.312], [50.223, 0]], "v": [[102.385, -131.187], [10.395, -72.732], [-91.595, -129.345], [5.921, -191.222]]}]}, {"t": 160, "i": {"x": [0.34], "y": [1]}, "o": {"x": [0.66], "y": [0]}, "s": [{"c": true, "i": [[-10.369, -29.681], [50.223, 0], [0, 31.44], [-50.223, 0]], "o": [[10.51, 30.085], [-50.223, 0], [0, -31.44], [50.223, 0]], "v": [[117.385, -132.716], [34.342, -72.632], [-82.385, -132.19], [5.921, -191.222]]}]}, {"t": 180, "s": [{"c": true, "i": [[0, -23.536], [50.223, 0], [0, 23.536], [-50.223, 0]], "o": [[0, 23.536], [-50.223, 0], [0, -23.536], [50.223, 0]], "v": [[96.859, -148.606], [5.921, -105.99], [-85.016, -148.606], [5.921, -191.222]]}]}], "a": 1}}, {"hd": false, "ty": "fl", "o": {"k": 100, "a": 0}, "c": {"k": [0.78, 0.624, 0.42, 1], "a": 0}}, {"ty": "tr", "a": {"k": [0, 0], "a": 0}, "p": {"k": [0, 0], "a": 0}, "s": {"k": [100, 100], "a": 0}, "r": {"k": 0, "a": 0}, "o": {"k": 100, "a": 0}, "sk": {"k": 0, "a": 0}, "sa": {"k": 0, "a": 0}}]}, {"hd": false, "ty": "gr", "it": [{"hd": false, "ty": "sh", "ks": {"k": [{"t": 0, "i": {"x": [0.34], "y": [1]}, "o": {"x": [0.333], "y": [0]}, "s": [{"c": true, "i": [[22.173, 44.342], [12.12, 40.285], [70.911, 0], [13.958, -46.393], [20.194, -40.385], [-182.343, 0]], "o": [[-20.194, -40.385], [-13.957, -46.393], [-71.675, 0], [-12.12, 40.285], [-22.173, 44.342], [182.343, 0]], "v": [[156.11, -21.166], [134.482, -103.692], [5.303, -192.073], [-123.876, -103.692], [-145.504, -21.166], [5.303, 144.067]]}]}, {"t": 20, "i": {"x": [0.833], "y": [0.833]}, "o": {"x": [0.167], "y": [0.167]}, "s": [{"c": true, "i": [[22.173, 44.342], [12.12, 40.285], [70.911, 0], [13.958, -46.393], [14.077, -41.84], [-172.599, 0]], "o": [[-20.194, -40.385], [-13.957, -46.393], [-71.675, 0], [-12.12, 40.285], [-15.457, 45.939], [172.599, 0]], "v": [[141.9, -16.956], [134.482, -103.692], [5.303, -192.073], [-123.876, -103.692], [-138.754, -17.347], [5.418, 144.067]]}]}, {"t": 90, "i": {"x": [0.833], "y": [0.833]}, "o": {"x": [0.167], "y": [0.167]}, "s": [{"c": true, "i": [[23.821, 48.017], [12.12, 40.285], [70.911, 0], [13.958, -46.393], [20.194, -38.136], [-178.843, 0]], "o": [[-20.075, -40.444], [-13.957, -46.393], [-71.675, 0], [-12.12, 40.285], [-22.173, 41.872], [178.843, 0]], "v": [[149.794, -17.745], [134.482, -103.692], [5.303, -192.073], [-123.876, -103.692], [-133.399, -16.85], [6.753, 145.12]]}]}, {"t": 160, "i": {"x": [0.34], "y": [1]}, "o": {"x": [0.66], "y": [0]}, "s": [{"c": true, "i": [[25.469, 51.692], [12.12, 40.285], [70.911, 0], [13.958, -46.393], [20.194, -35.886], [-167.248, 0]], "o": [[-19.956, -40.503], [-13.957, -46.393], [-71.675, 0], [-12.12, 40.285], [-22.173, 39.402], [167.248, 0]], "v": [[154.005, -15.903], [134.482, -103.692], [5.303, -192.073], [-123.876, -103.692], [-113.925, -12.535], [-11.141, 144.067]]}]}, {"t": 180, "s": [{"c": true, "i": [[22.173, 44.342], [12.12, 40.285], [70.911, 0], [13.958, -46.393], [20.194, -40.385], [-182.343, 0]], "o": [[-20.194, -40.385], [-13.957, -46.393], [-71.675, 0], [-12.12, 40.285], [-22.173, 44.342], [182.343, 0]], "v": [[156.11, -21.166], [134.482, -103.692], [5.303, -192.073], [-123.876, -103.692], [-145.504, -21.166], [5.303, 144.067]]}]}], "a": 1}}, {"hd": false, "ty": "fl", "o": {"k": 100, "a": 0}, "c": {"k": [0.737, 0.573, 0.349, 1], "a": 0}}, {"ty": "tr", "a": {"k": [0, 0], "a": 0}, "p": {"k": [0, 0], "a": 0}, "s": {"k": [100, 100], "a": 0}, "r": {"k": 0, "a": 0}, "o": {"k": 100, "a": 0}, "sk": {"k": 0, "a": 0}, "sa": {"k": 0, "a": 0}}]}, {"hd": false, "ty": "gr", "it": [{"hd": false, "ty": "sh", "ks": {"k": [{"t": 0, "i": {"x": [0.34], "y": [1]}, "o": {"x": [0.333], "y": [0]}, "s": [{"c": true, "i": [[24.154, 48.305], [13.203, 43.885], [77.248, 0], [15.205, -50.539], [21.999, -43.995], [-198.638, 0]], "o": [[-21.999, -43.995], [-15.205, -50.539], [-78.08, 0], [-13.203, 43.885], [-24.154, 48.305], [198.638, 0]], "v": [[169.587, -20.913], [146.026, -110.813], [5.303, -207.093], [-135.42, -110.813], [-158.981, -20.913], [5.303, 159.087]]}]}, {"t": 20, "i": {"x": [0.833], "y": [0.833]}, "o": {"x": [0.167], "y": [0.167]}, "s": [{"c": true, "i": [[24.154, 48.305], [13.203, 43.885], [77.248, 0], [15.205, -50.539], [16.359, -45.579], [-198.638, 0]], "o": [[-21.999, -43.995], [-15.205, -50.539], [-78.08, 0], [-13.203, 43.885], [-17.961, 50.045], [198.638, 0]], "v": [[169.587, -20.913], [146.026, -110.813], [5.303, -207.093], [-135.42, -110.813], [-149.542, -17.661], [5.303, 159.087]]}]}, {"t": 90, "i": {"x": [0.833], "y": [0.833]}, "o": {"x": [0.167], "y": [0.167]}, "s": [{"c": true, "i": [[24.154, 48.305], [13.203, 43.885], [77.248, 0], [15.205, -50.539], [21.999, -43.995], [-194.826, 0]], "o": [[-21.999, -43.995], [-15.205, -50.539], [-78.08, 0], [-13.203, 43.885], [-24.154, 48.305], [194.826, 0]], "v": [[167.219, -19.07], [146.026, -110.813], [5.303, -207.093], [-135.42, -110.813], [-158.981, -20.913], [6.753, 160.139]]}]}, {"t": 160, "i": {"x": [0.34], "y": [1]}, "o": {"x": [0.66], "y": [0]}, "s": [{"c": true, "i": [[24.154, 48.305], [13.203, 43.885], [77.248, 0], [15.205, -50.539], [21.999, -43.995], [-182.194, 0]], "o": [[-21.999, -43.995], [-15.205, -50.539], [-78.08, 0], [-13.203, 43.885], [-24.154, 48.305], [182.194, 0]], "v": [[161.166, -14.597], [146.026, -110.813], [5.303, -207.093], [-135.42, -110.813], [-158.981, -20.913], [-11.141, 159.087]]}]}, {"t": 180, "s": [{"c": true, "i": [[24.154, 48.305], [13.203, 43.885], [77.248, 0], [15.205, -50.539], [21.999, -43.995], [-198.638, 0]], "o": [[-21.999, -43.995], [-15.205, -50.539], [-78.08, 0], [-13.203, 43.885], [-24.154, 48.305], [198.638, 0]], "v": [[169.587, -20.913], [146.026, -110.813], [5.303, -207.093], [-135.42, -110.813], [-158.981, -20.913], [5.303, 159.087]]}]}], "a": 1}}, {"hd": false, "ty": "fl", "o": {"k": 100, "a": 0}, "c": {"k": [0.62, 0.463, 0.239, 1], "a": 0}}, {"ty": "tr", "a": {"k": [0, 0], "a": 0}, "p": {"k": [0, 0], "a": 0}, "s": {"k": [100, 100], "a": 0}, "r": {"k": 0, "a": 0}, "o": {"k": 100, "a": 0}, "sk": {"k": 0, "a": 0}, "sa": {"k": 0, "a": 0}}]}]}, {"ty": 4, "ks": {"a": {"k": [-92.696, -63.49, 0], "a": 0}, "p": {"a": 1, "k": [{"t": 0, "i": {"x": [0.34], "y": [1]}, "o": {"x": [0.333], "y": [0]}, "s": [-94.41, -63.49, 0], "ti": [0, 0, 0], "to": [0, 0, 0]}, {"t": 20, "i": {"x": [0.833], "y": [0.833]}, "o": {"x": [0.167], "y": [0.167]}, "s": [-71.252, -81.385, 0], "ti": [0, 0, 0], "to": [0, 0, 0]}, {"t": 160, "i": {"x": [0.34], "y": [1]}, "o": {"x": [0.66], "y": [0]}, "s": [-109.147, -81.385, 0], "ti": [0, 0, 0], "to": [0, 0, 0]}, {"t": 180, "s": [-94.41, -63.49, 0]}]}, "r": {"k": [{"t": 20, "i": {"x": [0.833], "y": [0.833]}, "o": {"x": [0.167], "y": [0.167]}, "s": [0]}, {"t": 160, "i": {"x": [0.667], "y": [1]}, "o": {"x": [0.66], "y": [0]}, "s": [8]}, {"t": 180, "s": [0]}], "a": 1}}, "ao": 0, "bm": 0, "ddd": 0, "ind": 12, "ip": 0, "op": 180, "st": 0, "sr": 1, "parent": 11, "shapes": [{"hd": false, "ty": "gr", "it": [{"hd": false, "ty": "sh", "ks": {"k": [{"t": 0, "i": {"x": [0.34], "y": [1]}, "o": {"x": [0.333], "y": [0]}, "s": [{"c": true, "i": [[1.081, -15.591], [0, 0], [0.01, 0], [-5.699, 9.64], [0, 0]], "o": [[-42.636, -22.157], [-0.01, 0], [-1.283, -12.428], [16.864, -28.514], [5.547, -0.606]], "v": [[-120.56, -89.291], [-178.963, -61.424], [-178.983, -61.434], [-172.678, -95.859], [-126.714, -115.865]]}]}, {"t": 20, "i": {"x": [0.833], "y": [0.833]}, "o": {"x": [0.167], "y": [0.167]}, "s": [{"c": true, "i": [[1.081, -15.591], [0, 0], [0.01, 0], [-5.699, 9.64], [0, 0]], "o": [[-42.636, -22.157], [-0.01, 0], [-1.283, -12.428], [16.864, -28.514], [5.547, -0.606]], "v": [[-120.56, -89.291], [-178.963, -61.424], [-178.983, -61.434], [-172.678, -95.859], [-126.714, -115.865]]}]}, {"t": 160, "i": {"x": [0.34], "y": [1]}, "o": {"x": [0.66], "y": [0]}, "s": [{"c": true, "i": [[1.081, -15.591], [0, 0], [0.01, 0], [-5.699, 9.64], [0, 0]], "o": [[-42.636, -22.157], [-0.01, 0], [-1.283, -12.428], [16.864, -28.514], [5.547, -0.606]], "v": [[-102.402, -87.712], [-178.963, -61.424], [-178.983, -61.434], [-172.678, -95.859], [-108.556, -114.286]]}]}, {"t": 180, "s": [{"c": true, "i": [[1.081, -15.591], [0, 0], [0.01, 0], [-5.699, 9.64], [0, 0]], "o": [[-42.636, -22.157], [-0.01, 0], [-1.283, -12.428], [16.864, -28.514], [5.547, -0.606]], "v": [[-120.56, -89.291], [-178.963, -61.424], [-178.983, -61.434], [-172.678, -95.859], [-126.714, -115.865]]}]}], "a": 1}}, {"hd": false, "ty": "fl", "o": {"k": 100, "a": 0}, "c": {"k": [0.859, 0.596, 0.592, 1], "a": 0}}, {"ty": "tr", "a": {"k": [0, 0], "a": 0}, "p": {"k": [0, 0], "a": 0}, "s": {"k": [100, 100], "a": 0}, "r": {"k": 0, "a": 0}, "o": {"k": 100, "a": 0}, "sk": {"k": 0, "a": 0}, "sa": {"k": 0, "a": 0}}]}, {"hd": false, "ty": "gr", "it": [{"hd": false, "ty": "sh", "ks": {"k": [{"t": 0, "i": {"x": [0.34], "y": [1]}, "o": {"x": [0.333], "y": [0]}, "s": [{"c": true, "i": [[17.728, -1.949], [16.87, -28.514], [-21.623, -17.626]], "o": [[0, 0], [-13.747, 23.235], [25.716, 20.962]], "v": [[-126.711, -115.866], [-172.682, -95.857], [-156.36, -15.922]]}]}, {"t": 20, "i": {"x": [0.833], "y": [0.833]}, "o": {"x": [0.167], "y": [0.167]}, "s": [{"c": true, "i": [[17.728, -1.949], [16.87, -28.514], [-21.623, -17.626]], "o": [[0, 0], [-13.747, 23.235], [25.716, 20.962]], "v": [[-126.711, -115.866], [-172.682, -95.857], [-156.36, -15.922]]}]}, {"t": 160, "i": {"x": [0.34], "y": [1]}, "o": {"x": [0.66], "y": [0]}, "s": [{"c": true, "i": [[17.728, -1.949], [16.87, -28.514], [-20.475, -18.948]], "o": [[0, 0], [-13.747, 23.235], [65.834, 60.922]], "v": [[-108.553, -114.287], [-172.682, -95.857], [-156.36, -15.922]]}]}, {"t": 180, "s": [{"c": true, "i": [[17.728, -1.949], [16.87, -28.514], [-21.623, -17.626]], "o": [[0, 0], [-13.747, 23.235], [25.716, 20.962]], "v": [[-126.711, -115.866], [-172.682, -95.857], [-156.36, -15.922]]}]}], "a": 1}}, {"hd": false, "ty": "fl", "o": {"k": 100, "a": 0}, "c": {"k": [0.929, 0.675, 0.667, 1], "a": 0}}, {"ty": "tr", "a": {"k": [0, 0], "a": 0}, "p": {"k": [0, 0], "a": 0}, "s": {"k": [100, 100], "a": 0}, "r": {"k": 0, "a": 0}, "o": {"k": 100, "a": 0}, "sk": {"k": 0, "a": 0}, "sa": {"k": 0, "a": 0}}]}, {"hd": false, "ty": "gr", "it": [{"hd": false, "ty": "sh", "ks": {"k": [{"t": 0, "i": {"x": [0.34], "y": [1]}, "o": {"x": [0.333], "y": [0]}, "s": [{"c": true, "i": [[55.083, 3.638], [22.172, -27.368], [-47.288, -39.234]], "o": [[-19.765, -1.305], [-24.472, 30.208], [49.528, 41.092]], "v": [[-115.798, -143.021], [-186.99, -118.078], [-164.645, 10.795]]}]}, {"t": 20, "i": {"x": [0.833], "y": [0.833]}, "o": {"x": [0.167], "y": [0.167]}, "s": [{"c": true, "i": [[55.083, 3.638], [22.172, -27.368], [-47.288, -39.234]], "o": [[-19.765, -1.305], [-24.472, 30.208], [49.528, 41.092]], "v": [[-115.798, -143.021], [-186.99, -118.078], [-164.645, 10.795]]}]}, {"t": 160, "i": {"x": [0.34], "y": [1]}, "o": {"x": [0.66], "y": [0]}, "s": [{"c": true, "i": [[55.139, 2.655], [22.172, -27.368], [-69.039, -60.795]], "o": [[-46.57, -2.242], [-24.472, 30.208], [48.298, 42.531]], "v": [[-93.167, -143.811], [-186.99, -118.078], [-148.33, 26.058]]}]}, {"t": 180, "s": [{"c": true, "i": [[55.083, 3.638], [22.172, -27.368], [-47.288, -39.234]], "o": [[-19.765, -1.305], [-24.472, 30.208], [49.528, 41.092]], "v": [[-115.798, -143.021], [-186.99, -118.078], [-164.645, 10.795]]}]}], "a": 1}}, {"hd": false, "ty": "st", "lc": 1, "lj": 1, "ml": 10, "o": {"k": 100, "a": 0}, "w": {"k": 8, "a": 0}, "c": {"k": [0.369, 0.259, 0.122, 1], "a": 0}}, {"ty": "tr", "a": {"k": [0, 0], "a": 0}, "p": {"k": [0, 0], "a": 0}, "s": {"k": [100, 100], "a": 0}, "r": {"k": 0, "a": 0}, "o": {"k": 100, "a": 0}, "sk": {"k": 0, "a": 0}, "sa": {"k": 0, "a": 0}}]}, {"hd": false, "ty": "gr", "it": [{"hd": false, "ty": "sh", "ks": {"k": [{"t": 0, "i": {"x": [0.34], "y": [1]}, "o": {"x": [0.333], "y": [0]}, "s": [{"c": false, "i": [[0, 0], [-36.319, 10.182]], "o": [[0, 0], [0, 0]], "v": [[-194.126, -81.406], [-152.972, -131.334]]}]}, {"t": 20, "i": {"x": [0.833], "y": [0.833]}, "o": {"x": [0.167], "y": [0.167]}, "s": [{"c": false, "i": [[0, 0], [-36.319, 10.182]], "o": [[0, 0], [0, 0]], "v": [[-194.126, -81.406], [-152.972, -131.334]]}]}, {"t": 160, "i": {"x": [0.34], "y": [1]}, "o": {"x": [0.66], "y": [0]}, "s": [{"c": false, "i": [[0, 0], [-36.319, 10.182]], "o": [[0, 0], [0, 0]], "v": [[-194.126, -81.406], [-152.972, -131.334]]}]}, {"t": 180, "s": [{"c": false, "i": [[0, 0], [-36.319, 10.182]], "o": [[0, 0], [0, 0]], "v": [[-194.126, -81.406], [-152.972, -131.334]]}]}], "a": 1}}, {"hd": false, "ty": "st", "lc": 2, "lj": 2, "o": {"k": 100, "a": 0}, "w": {"k": 10, "a": 0}, "c": {"k": [0.737, 0.573, 0.349, 1], "a": 0}}, {"ty": "tr", "a": {"k": [0, 0], "a": 0}, "p": {"k": [0, 0], "a": 0}, "s": {"k": [100, 100], "a": 0}, "r": {"k": 0, "a": 0}, "o": {"k": 100, "a": 0}, "sk": {"k": 0, "a": 0}, "sa": {"k": 0, "a": 0}}]}, {"hd": false, "ty": "gr", "it": [{"hd": false, "ty": "sh", "ks": {"k": [{"t": 0, "i": {"x": [0.34], "y": [1]}, "o": {"x": [0.333], "y": [0]}, "s": [{"c": true, "i": [[55.083, 3.638], [22.172, -27.368], [-47.288, -39.234]], "o": [[-19.765, -1.305], [-24.472, 30.208], [49.528, 41.092]], "v": [[-115.798, -143.021], [-186.99, -118.078], [-164.645, 10.795]]}]}, {"t": 20, "i": {"x": [0.833], "y": [0.833]}, "o": {"x": [0.167], "y": [0.167]}, "s": [{"c": true, "i": [[55.083, 3.638], [22.172, -27.368], [-47.288, -39.234]], "o": [[-19.765, -1.305], [-24.472, 30.208], [49.528, 41.092]], "v": [[-115.798, -143.021], [-186.99, -118.078], [-164.645, 10.795]]}]}, {"t": 160, "i": {"x": [0.34], "y": [1]}, "o": {"x": [0.66], "y": [0]}, "s": [{"c": true, "i": [[55.123, 2.965], [22.172, -27.368], [-69.039, -59.216]], "o": [[-46.57, -2.505], [-24.472, 30.208], [48.848, 41.898]], "v": [[-93.167, -143.811], [-186.99, -118.078], [-148.33, 26.058]]}]}, {"t": 180, "s": [{"c": true, "i": [[55.083, 3.638], [22.172, -27.368], [-47.288, -39.234]], "o": [[-19.765, -1.305], [-24.472, 30.208], [49.528, 41.092]], "v": [[-115.798, -143.021], [-186.99, -118.078], [-164.645, 10.795]]}]}], "a": 1}}, {"hd": false, "ty": "st", "lc": 1, "lj": 1, "ml": 10, "o": {"k": 100, "a": 0}, "w": {"k": 8, "a": 0}, "c": {"k": [0.369, 0.259, 0.122, 1], "a": 0}}, {"hd": false, "ty": "fl", "o": {"k": 100, "a": 0}, "c": {"k": [0.62, 0.463, 0.239, 1], "a": 0}}, {"ty": "tr", "a": {"k": [0, 0], "a": 0}, "p": {"k": [0, 0], "a": 0}, "s": {"k": [100, 100], "a": 0}, "r": {"k": 0, "a": 0}, "o": {"k": 100, "a": 0}, "sk": {"k": 0, "a": 0}, "sa": {"k": 0, "a": 0}}]}]}, {"ty": 4, "ks": {"a": {"k": [102.628, -63.49, 0], "a": 0}, "p": {"a": 1, "k": [{"t": 0, "i": {"x": [0.34], "y": [1]}, "o": {"x": [0.333], "y": [0]}, "s": [104.342, -63.49, 0], "ti": [0, 0, 0], "to": [0, 0, 0]}, {"t": 20, "i": {"x": [0.833], "y": [0.833]}, "o": {"x": [0.167], "y": [0.167]}, "s": [118.026, -81.385, 0], "ti": [0, 0, 0], "to": [0, 0, 0]}, {"t": 160, "i": {"x": [0.34], "y": [1]}, "o": {"x": [0.66], "y": [0]}, "s": [83.289, -81.385, 0], "ti": [0, 0, 0], "to": [0, 0, 0]}, {"t": 180, "s": [104.342, -63.49, 0]}]}, "r": {"k": [{"t": 0, "i": {"x": [0.34], "y": [1]}, "o": {"x": [0.333], "y": [0]}, "s": [0]}, {"t": 20, "i": {"x": [0.833], "y": [0.833]}, "o": {"x": [0.167], "y": [0.167]}, "s": [-8]}, {"t": 160, "i": {"x": [0.34], "y": [1]}, "o": {"x": [0.66], "y": [0]}, "s": [0]}, {"t": 180, "s": [0]}], "a": 1}}, "ao": 0, "bm": 0, "ddd": 0, "ind": 13, "ip": 0, "op": 180, "st": 0, "sr": 1, "parent": 11, "shapes": [{"hd": false, "ty": "gr", "it": [{"hd": false, "ty": "sh", "ks": {"k": [{"t": 0, "i": {"x": [0.34], "y": [1]}, "o": {"x": [0.333], "y": [0]}, "s": [{"c": true, "i": [[-1.081, -15.591], [0, 0], [-0.01, 0], [5.699, 9.64], [0, 0]], "o": [[42.636, -22.157], [0.01, 0], [1.283, -12.428], [-16.864, -28.514], [-5.547, -0.606]], "v": [[130.917, -89.291], [189.319, -61.424], [189.34, -61.434], [183.034, -95.859], [137.07, -115.865]]}]}, {"t": 20, "i": {"x": [0.833], "y": [0.833]}, "o": {"x": [0.167], "y": [0.167]}, "s": [{"c": true, "i": [[-1.081, -15.591], [0, 0], [-0.01, 0], [5.699, 9.64], [0, 0]], "o": [[42.636, -22.157], [0.01, 0], [1.283, -12.428], [-16.864, -28.514], [-5.547, -0.606]], "v": [[116.969, -89.818], [189.319, -61.424], [189.34, -61.434], [183.034, -95.859], [123.123, -116.392]]}]}, {"t": 160, "i": {"x": [0.34], "y": [1]}, "o": {"x": [0.66], "y": [0]}, "s": [{"c": true, "i": [[-1.081, -15.591], [0, 0], [-0.01, 0], [5.699, 9.64], [0, 0]], "o": [[42.636, -22.157], [0.01, 0], [1.283, -12.428], [-16.864, -28.514], [-5.547, -0.606]], "v": [[130.917, -89.291], [189.319, -61.424], [189.34, -61.434], [183.034, -95.859], [137.07, -115.865]]}]}, {"t": 180, "s": [{"c": true, "i": [[-1.081, -15.591], [0, 0], [-0.01, 0], [5.699, 9.64], [0, 0]], "o": [[42.636, -22.157], [0.01, 0], [1.283, -12.428], [-16.864, -28.514], [-5.547, -0.606]], "v": [[130.917, -89.291], [189.319, -61.424], [189.34, -61.434], [183.034, -95.859], [137.07, -115.865]]}]}], "a": 1}}, {"hd": false, "ty": "fl", "o": {"k": 100, "a": 0}, "c": {"k": [0.859, 0.596, 0.592, 1], "a": 0}}, {"ty": "tr", "a": {"k": [0, 0], "a": 0}, "p": {"k": [0, 0], "a": 0}, "s": {"k": [100, 100], "a": 0}, "r": {"k": 0, "a": 0}, "o": {"k": 100, "a": 0}, "sk": {"k": 0, "a": 0}, "sa": {"k": 0, "a": 0}}]}, {"hd": false, "ty": "gr", "it": [{"hd": false, "ty": "sh", "ks": {"k": [{"t": 0, "i": {"x": [0.34], "y": [1]}, "o": {"x": [0.333], "y": [0]}, "s": [{"c": true, "i": [[-55.083, 3.638], [-22.172, -27.368], [47.288, -39.234]], "o": [[19.765, -1.305], [24.472, 30.208], [-49.528, 41.092]], "v": [[125.73, -143.021], [196.922, -118.078], [174.577, 10.795]]}]}, {"t": 20, "i": {"x": [0.833], "y": [0.833]}, "o": {"x": [0.167], "y": [0.167]}, "s": [{"c": true, "i": [[-55.083, 3.638], [-22.172, -27.368], [63.844, -42.374]], "o": [[19.765, -1.305], [24.472, 30.208], [-53.619, 35.588]], "v": [[100.993, -144.6], [196.922, -118.078], [162.472, 20.269]]}]}, {"t": 160, "i": {"x": [0.34], "y": [1]}, "o": {"x": [0.66], "y": [0]}, "s": [{"c": true, "i": [[-55.083, 3.638], [-22.172, -27.368], [47.288, -39.234]], "o": [[19.765, -1.305], [24.472, 30.208], [-49.528, 41.092]], "v": [[125.73, -143.021], [196.922, -118.078], [174.577, 10.795]]}]}, {"t": 180, "s": [{"c": true, "i": [[-55.083, 3.638], [-22.172, -27.368], [47.288, -39.234]], "o": [[19.765, -1.305], [24.472, 30.208], [-49.528, 41.092]], "v": [[125.73, -143.021], [196.922, -118.078], [174.577, 10.795]]}]}], "a": 1}}, {"hd": false, "ty": "st", "lc": 1, "lj": 1, "ml": 10, "o": {"k": 100, "a": 0}, "w": {"k": 8, "a": 0}, "c": {"k": [0.369, 0.259, 0.122, 1], "a": 0}}, {"ty": "tr", "a": {"k": [0, 0], "a": 0}, "p": {"k": [0, 0], "a": 0}, "s": {"k": [100, 100], "a": 0}, "r": {"k": 0, "a": 0}, "o": {"k": 100, "a": 0}, "sk": {"k": 0, "a": 0}, "sa": {"k": 0, "a": 0}}]}, {"hd": false, "ty": "gr", "it": [{"hd": false, "ty": "sh", "ks": {"k": [{"t": 0, "i": {"x": [0.34], "y": [1]}, "o": {"x": [0.333], "y": [0]}, "s": [{"c": false, "i": [[0, 0], [36.319, 10.182]], "o": [[0, 0], [0, 0]], "v": [[203.905, -80.406], [162.752, -130.334]]}]}, {"t": 20, "i": {"x": [0.833], "y": [0.833]}, "o": {"x": [0.167], "y": [0.167]}, "s": [{"c": false, "i": [[0, 0], [36.319, 10.182]], "o": [[0, 0], [0, 0]], "v": [[203.905, -80.406], [162.752, -130.334]]}]}, {"t": 160, "i": {"x": [0.34], "y": [1]}, "o": {"x": [0.66], "y": [0]}, "s": [{"c": false, "i": [[0, 0], [36.319, 10.182]], "o": [[0, 0], [0, 0]], "v": [[203.905, -80.406], [162.752, -130.334]]}]}, {"t": 180, "s": [{"c": false, "i": [[0, 0], [36.319, 10.182]], "o": [[0, 0], [0, 0]], "v": [[203.905, -80.406], [162.752, -130.334]]}]}], "a": 1}}, {"hd": false, "ty": "st", "lc": 2, "lj": 2, "o": {"k": 100, "a": 0}, "w": {"k": 10, "a": 0}, "c": {"k": [0.737, 0.573, 0.349, 1], "a": 0}}, {"ty": "tr", "a": {"k": [0, 0], "a": 0}, "p": {"k": [0, 0], "a": 0}, "s": {"k": [100, 100], "a": 0}, "r": {"k": 0, "a": 0}, "o": {"k": 100, "a": 0}, "sk": {"k": 0, "a": 0}, "sa": {"k": 0, "a": 0}}]}, {"hd": false, "ty": "gr", "it": [{"hd": false, "ty": "sh", "ks": {"k": [{"t": 0, "i": {"x": [0.34], "y": [1]}, "o": {"x": [0.333], "y": [0]}, "s": [{"c": true, "i": [[-17.728, -1.949], [-16.87, -28.514], [21.623, -17.626]], "o": [[0, 0], [13.747, 23.235], [-25.716, 20.962]], "v": [[136.643, -115.866], [182.613, -95.857], [166.291, -15.922]]}]}, {"t": 20, "i": {"x": [0.833], "y": [0.833]}, "o": {"x": [0.167], "y": [0.167]}, "s": [{"c": true, "i": [[-17.728, -1.949], [-16.87, -28.514], [23.187, -15.511]], "o": [[0, 0], [13.747, 23.235], [-64.713, 43.291]], "v": [[122.695, -116.393], [182.613, -95.857], [166.291, -15.922]]}]}, {"t": 160, "i": {"x": [0.34], "y": [1]}, "o": {"x": [0.66], "y": [0]}, "s": [{"c": true, "i": [[-17.728, -1.949], [-16.87, -28.514], [21.623, -17.626]], "o": [[0, 0], [13.747, 23.235], [-25.716, 20.962]], "v": [[136.643, -115.866], [182.613, -95.857], [166.291, -15.922]]}]}, {"t": 180, "s": [{"c": true, "i": [[-17.728, -1.949], [-16.87, -28.514], [21.623, -17.626]], "o": [[0, 0], [13.747, 23.235], [-25.716, 20.962]], "v": [[136.643, -115.866], [182.613, -95.857], [166.291, -15.922]]}]}], "a": 1}}, {"hd": false, "ty": "fl", "o": {"k": 100, "a": 0}, "c": {"k": [0.929, 0.675, 0.667, 1], "a": 0}}, {"ty": "tr", "a": {"k": [0, 0], "a": 0}, "p": {"k": [0, 0], "a": 0}, "s": {"k": [100, 100], "a": 0}, "r": {"k": 0, "a": 0}, "o": {"k": 100, "a": 0}, "sk": {"k": 0, "a": 0}, "sa": {"k": 0, "a": 0}}]}, {"hd": false, "ty": "gr", "it": [{"hd": false, "ty": "sh", "ks": {"k": [{"t": 0, "i": {"x": [0.34], "y": [1]}, "o": {"x": [0.333], "y": [0]}, "s": [{"c": true, "i": [[-55.083, 3.638], [-22.172, -27.368], [47.288, -39.234]], "o": [[19.765, -1.305], [24.472, 30.208], [-49.528, 41.092]], "v": [[125.73, -143.021], [196.922, -118.078], [174.577, 10.795]]}]}, {"t": 20, "i": {"x": [0.833], "y": [0.833]}, "o": {"x": [0.167], "y": [0.167]}, "s": [{"c": true, "i": [[-55.083, 3.638], [-22.172, -27.368], [65.423, -44.479]], "o": [[19.765, -1.305], [24.472, 30.208], [-53.22, 36.183]], "v": [[100.993, -144.6], [196.922, -118.078], [162.472, 20.269]]}]}, {"t": 160, "i": {"x": [0.34], "y": [1]}, "o": {"x": [0.66], "y": [0]}, "s": [{"c": true, "i": [[-55.083, 3.638], [-22.172, -27.368], [47.288, -39.234]], "o": [[19.765, -1.305], [24.472, 30.208], [-49.528, 41.092]], "v": [[125.73, -143.021], [196.922, -118.078], [174.577, 10.795]]}]}, {"t": 180, "s": [{"c": true, "i": [[-55.083, 3.638], [-22.172, -27.368], [47.288, -39.234]], "o": [[19.765, -1.305], [24.472, 30.208], [-49.528, 41.092]], "v": [[125.73, -143.021], [196.922, -118.078], [174.577, 10.795]]}]}], "a": 1}}, {"hd": false, "ty": "fl", "o": {"k": 100, "a": 0}, "c": {"k": [0.62, 0.463, 0.239, 1], "a": 0}}, {"ty": "tr", "a": {"k": [0, 0], "a": 0}, "p": {"k": [0, 0], "a": 0}, "s": {"k": [100, 100], "a": 0}, "r": {"k": 0, "a": 0}, "o": {"k": 100, "a": 0}, "sk": {"k": 0, "a": 0}, "sa": {"k": 0, "a": 0}}]}]}], "tgs": 1}